price,area,bedrooms,bathrooms,stories,mainroad,guestroom,basement,hotwaterheating,airconditioning,parking,prefarea,furnishingstatus
11991472,14139,3,1,4,FALSE,TRUE,FALSE,FALSE,FALSE,1,TRUE,unfurnished
11991472,14139,3,1,4,FALSE,TRUE,FALSE,FALSE,FALSE,1,TRUE,unfurnished
8632694,4182,3,3,1,TRUE,FALSE,FALSE,TRUE,TRUE,3,FALSE,unfurnished
8481911,10645,4,4,,FALSE,TRUE,TRUE,FALSE,FALSE,0,FALSE,semi-furnished
13556045,6415,4,2,1,FALSE,TRUE,FALSE,TRUE,FALSE,0,TRUE,furnished
9925983,9504,3,2,2,FALSE,TRUE,FALSE,FALSE,TRUE,1,FALSE,furnished
9101598,5752,3,1,1,FALSE,FALSE,TRUE,FALSE,TRUE,1,TRUE,semi-furnished
9979630,7420,3,3,1,FALSE,FALSE,TRUE,TRUE,FALSE,0,TRUE,furnished
9979630,7420,3,3,1,FALSE,FALSE,TRUE,TRUE,FALSE,0,TRUE,furnished
10179634,7400,4,1,1,TRUE,FALSE,FALSE,TRUE,FALSE,0,TRUE,furnished
10161840,8918,4,2,4,FALSE,TRUE,TRUE,FALSE,TRUE,0,FALSE,unfurnished
12045879,15243,4,4,1,FALSE,TRUE,FALSE,FALSE,TRUE,3,FALSE,unfurnished
-112,8687,3,4,1,TRUE,TRUE,FALSE,TRUE,TRUE,3,FALSE,semi-furnished
11420591,12697,3,3,3,TRUE,TRUE,TRUE,TRUE,TRUE,1,FALSE,unfurnished
12047335,5109,3,3,3,FALSE,FALSE,FALSE,TRUE,TRUE,2,FALSE,unfurnished
8277674,13807,3,2,4,FALSE,FALSE,TRUE,TRUE,TRUE,3,FALSE,furnished
8666997,9556,3,1,4,TRUE,FALSE,TRUE,FALSE,FALSE,3,TRUE,unfurnished
12352573,6792,5,4,4,TRUE,FALSE,FALSE,TRUE,FALSE,0,FALSE,furnished
10357357,5033,4,3,3,FALSE,TRUE,TRUE,FALSE,FALSE,0,FALSE,unfurnished
12284409,5175,4,1,2,FALSE,TRUE,TRUE,TRUE,TRUE,3,FALSE,unfurnished
13023367,6476,5,1,2,TRUE,FALSE,TRUE,FALSE,FALSE,1,TRUE,semi-furnished
10013209,5745,4,2,1,TRUE,TRUE,TRUE,FALSE,FALSE,1,FALSE,unfurnished
10741460,9204,5,4,2,TRUE,TRUE,TRUE,TRUE,FALSE,0,TRUE,furnished
,13148,4,3,2,FALSE,TRUE,FALSE,FALSE,FALSE,1,FALSE,unfurnished
11443414,10566,5,2,2,FALSE,FALSE,TRUE,TRUE,TRUE,3,TRUE,semi-furnished
10251397,12243,3,2,,TRUE,TRUE,FALSE,FALSE,TRUE,1,TRUE,semi-furnished
8257015,16112,3,4,3,FALSE,TRUE,TRUE,FALSE,TRUE,1,TRUE,semi-furnished
8646789,5370,3,4,3,TRUE,FALSE,TRUE,TRUE,TRUE,1,FALSE,furnished
8805447,8206,3,3,2,TRUE,FALSE,FALSE,TRUE,FALSE,0,TRUE,semi-furnished
10552257,7270,5,4,3,FALSE,TRUE,FALSE,TRUE,FALSE,1,FALSE,furnished
12507071,14748,4,1,3,FALSE,TRUE,TRUE,FALSE,TRUE,1,TRUE,furnished
10056972,5399,4,4,2,TRUE,TRUE,FALSE,TRUE,TRUE,1,TRUE,unfurnished
12904621,-998877,4,2,3,FALSE,TRUE,TRUE,TRUE,TRUE,0,FALSE,furnished
13353346,4146,5,1,3,TRUE,FALSE,FALSE,TRUE,FALSE,1,FALSE,semi-furnished
13501570,5429,3,3,3,FALSE,TRUE,TRUE,TRUE,FALSE,1,FALSE,semi-furnished
13986836,7732,,3,1,FALSE,FALSE,FALSE,TRUE,TRUE,3,FALSE,semi-furnished
11637422,9127,5,1,1,FALSE,FALSE,FALSE,FALSE,FALSE,0,FALSE,semi-furnished
8990349,8003,5,3,1,FALSE,FALSE,TRUE,TRUE,FALSE,0,FALSE,unfurnished
11475228,9621,3,3,3,TRUE,TRUE,FALSE,TRUE,FALSE,3,TRUE,furnished
11722059,15695,3,3,1,FALSE,FALSE,TRUE,TRUE,TRUE,1,TRUE,unfurnished
12780445,13746,4,2,3,FALSE,TRUE,FALSE,TRUE,FALSE,2,FALSE,semi-furnished
11602818,11485,3,4,4,FALSE,TRUE,FALSE,FALSE,FALSE,1,FALSE,furnished
10292461,15488,3,4,1,FALSE,FALSE,TRUE,TRUE,TRUE,3,FALSE,furnished
13973966,6257,3,2,1,TRUE,TRUE,TRUE,TRUE,FALSE,2,TRUE,semi-furnished
13936021,16086,4,4,2,TRUE,TRUE,TRUE,FALSE,TRUE,2,TRUE,semi-furnished
11769695,7807,4,4,3,TRUE,TRUE,,TRUE,FALSE,2,TRUE,semi-furnished
13515671,15339,4,2,3,TRUE,TRUE,TRUE,TRUE,TRUE,3,FALSE,furnished
,4224,,1,1,FALSE,TRUE,TRUE,TRUE,TRUE,1,TRUE,furnished
12176430,14907,4,2,4,TRUE,TRUE,FALSE,FALSE,TRUE,1,TRUE,furnished
13881729,11678,4,3,3,TRUE,TRUE,FALSE,TRUE,FALSE,3,TRUE,unfurnished
13639121,5084,3,4,3,FALSE,TRUE,FALSE,FALSE,FALSE,0,FALSE,semi-furnished
9319024,11308,5,3,,FALSE,FALSE,TRUE,TRUE,TRUE,1,FALSE,furnished
10621767,5434,4,4,1,FALSE,FALSE,TRUE,FALSE,TRUE,2,TRUE,unfurnished
10509936,10234,3,3,3,FALSE,TRUE,TRUE,FALSE,TRUE,3,TRUE,unfurnished
11680417,4247,3,2,2,TRUE,FALSE,FALSE,FALSE,TRUE,2,TRUE,unfurnished
10249160,12104,3,2,3,FALSE,TRUE,TRUE,FALSE,FALSE,2,FALSE,unfurnished
10197628,11388,4,3,2,FALSE,TRUE,FALSE,TRUE,FALSE,1,FALSE,semi-furnished
10618443,13643,3,3,3,TRUE,FALSE,FALSE,TRUE,TRUE,2,FALSE,unfurnished
9281186,15041,4,3,3,TRUE,TRUE,TRUE,TRUE,FALSE,3,FALSE,unfurnished
10758593,6010,4,1,1,TRUE,TRUE,TRUE,TRUE,TRUE,3,TRUE,furnished
8707393,12063,3,4,2,FALSE,TRUE,TRUE,FALSE,FALSE,1,FALSE,furnished
9825299,9834,3,3,2,TRUE,FALSE,TRUE,TRUE,TRUE,1,FALSE,unfurnished
12667256,5966,3,3,2,TRUE,TRUE,TRUE,TRUE,FALSE,2,TRUE,unfurnished
9586524,11763,3,4,4,TRUE,FALSE,FALSE,TRUE,FALSE,2,FALSE,semi-furnished
,7108,5,4,1,FALSE,TRUE,TRUE,FALSE,FALSE,0,TRUE,furnished
13006334,6559,5,4,1,TRUE,FALSE,FALSE,TRUE,FALSE,2,FALSE,semi-furnished
11518369,,5,2,3,FALSE,TRUE,TRUE,FALSE,FALSE,2,FALSE,semi-furnished
9233101,12736,4,2,1,TRUE,FALSE,FALSE,FALSE,TRUE,2,TRUE,unfurnished
12776376,14647,4,4,4,TRUE,FALSE,TRUE,TRUE,TRUE,-12,TRUE,semi-furnished
12756966,12883,5,4,1,TRUE,FALSE,TRUE,TRUE,FALSE,1,FALSE,furnished
8197848,14225,5,4,3,FALSE,FALSE,FALSE,TRUE,FALSE,1,TRUE,furnished
12111391,12128,5,4,4,TRUE,TRUE,FALSE,FALSE,FALSE,2,FALSE,semi-furnished
10467968,3885,3,1,1,FALSE,TRUE,TRUE,TRUE,FALSE,0,TRUE,unfurnished
13121188,4622,5,3,2,TRUE,TRUE,TRUE,TRUE,TRUE,1,TRUE,furnished
8531092,9406,4,1,3,TRUE,FALSE,FALSE,FALSE,FALSE,3,FALSE,furnished
10630928,12825,4,3,1,FALSE,FALSE,FALSE,FALSE,TRUE,2,TRUE,semi-furnished
10431681,11890,4,2,4,TRUE,FALSE,TRUE,FALSE,TRUE,2,TRUE,unfurnished
12910056,14039,5,2,1,FALSE,TRUE,TRUE,FALSE,FALSE,0,FALSE,furnished
11383601,7049,3,2,2,TRUE,FALSE,TRUE,TRUE,TRUE,1,TRUE,unfurnished
10960703,14246,3,3,3,TRUE,FALSE,FALSE,TRUE,FALSE,0,TRUE,furnished
10862242,13659,4,1,2,TRUE,FALSE,FALSE,TRUE,TRUE,2,TRUE,unfurnished
8007267,11940,3,4,,TRUE,FALSE,ERROR,TRUE,TRUE,1,TRUE,furnished
13332663,12580,3,2,4,FALSE,TRUE,TRUE,FALSE,TRUE,0,FALSE,unfurnished
9637138,10709,5,1,3,TRUE,FALSE,FALSE,TRUE,FALSE,1,FALSE,furnished
11003337,10185,4,2,3,TRUE,FALSE,TRUE,TRUE,TRUE,3,TRUE,semi-furnished
10390903,8929,5,2,1,TRUE,FALSE,TRUE,TRUE,FALSE,2,TRUE,semi-furnished
8578226,12715,5,3,2,FALSE,FALSE,TRUE,TRUE,FALSE,1,TRUE,unfurnished
8568703,,3,2,1,TRUE,TRUE,FALSE,TRUE,FALSE,3,FALSE,semi-furnished
13439798,4260,4,1,1,TRUE,TRUE,,TRUE,TRUE,3,FALSE,unfurnished
8856356,4708,4,4,2,FALSE,FALSE,TRUE,FALSE,TRUE,3,TRUE,semi-furnished
8681403,14878,3,4,4,FALSE,FALSE,,FALSE,TRUE,3,TRUE,unfurnished
8072899,13622,3,4,4,FALSE,TRUE,FALSE,TRUE,TRUE,1,FALSE,semi-furnished
13783674,7684,5,4,3,TRUE,TRUE,TRUE,TRUE,TRUE,0,TRUE,furnished
13117522,8531,4,4,4,TRUE,TRUE,FALSE,FALSE,TRUE,0,TRUE,furnished
8781597,10091,4,3,2,FALSE,TRUE,TRUE,TRUE,FALSE,2,FALSE,semi-furnished
10756618,3737,5,1,4,FALSE,FALSE,TRUE,TRUE,FALSE,1,TRUE,unfurnished
11181274,9460,5,4,4,FALSE,FALSE,FALSE,FALSE,TRUE,0,FALSE,furnished
11035665,10503,3,2,1,TRUE,FALSE,FALSE,FALSE,FALSE,0,FALSE,unfurnished
8659911,7551,3,1,4,FALSE,TRUE,TRUE,TRUE,TRUE,1,TRUE,unfurnished
11335991,12063,3,3,3,TRUE,FALSE,FALSE,TRUE,FALSE,3,FALSE,furnished
11495464,5305,4,2,2,TRUE,FALSE,TRUE,FALSE,TRUE,0,FALSE,unfurnished
10403794,5946,4,4,1,FALSE,FALSE,FALSE,FALSE,FALSE,3,TRUE,furnished
11819635,6232,4,3,4,FALSE,TRUE,TRUE,TRUE,FALSE,3,TRUE,unfurnished
10381133,13514,4,2,2,TRUE,FALSE,FALSE,FALSE,TRUE,3,FALSE,semi-furnished
11959546,11240,4,4,3,TRUE,FALSE,TRUE,TRUE,TRUE,0,FALSE,unfurnished
11188918,13455,5,2,3,FALSE,FALSE,TRUE,FALSE,TRUE,2,FALSE,semi-furnished
13307942,6474,5,3,2,TRUE,TRUE,FALSE,FALSE,TRUE,2,TRUE,semi-furnished
10480838,,4,4,1,FALSE,FALSE,FALSE,FALSE,FALSE,3,TRUE,semi-furnished
11714365,16140,3,1,2,FALSE,FALSE,FALSE,FALSE,TRUE,0,TRUE,unfurnished
9627596,7379,4,1,1,FALSE,FALSE,TRUE,FALSE,TRUE,0,TRUE,unfurnished
9603370,6616,4,1,1,TRUE,FALSE,TRUE,FALSE,TRUE,2,FALSE,unfurnished
12953470,12886,3,1,4,FALSE,TRUE,TRUE,TRUE,FALSE,3,FALSE,furnished
12320431,8555,5,1,4,FALSE,TRUE,TRUE,TRUE,FALSE,2,FALSE,furnished
10910231,10520,3,4,3,TRUE,TRUE,FALSE,TRUE,TRUE,3,FALSE,semi-furnished
13160102,8144,4,4,2,FALSE,TRUE,TRUE,FALSE,FALSE,2,FALSE,furnished
11094780,8659,5,3,1,FALSE,FALSE,FALSE,TRUE,FALSE,2,TRUE,unfurnished
10246209,12915,4,2,3,FALSE,FALSE,FALSE,TRUE,TRUE,1,FALSE,furnished
11422229,4725,3,1,2,FALSE,FALSE,FALSE,TRUE,TRUE,2,FALSE,unfurnished
11691326,15511,4,2,1,TRUE,FALSE,FALSE,FALSE,FALSE,3,TRUE,semi-furnished
13699822,8393,4,1,1,TRUE,FALSE,TRUE,FALSE,FALSE,0,FALSE,unfurnished
9539126,7264,4,2,4,TRUE,TRUE,TRUE,FALSE,FALSE,1,TRUE,furnished
13033057,15746,3,1,2,FALSE,FALSE,FALSE,TRUE,TRUE,3,FALSE,semi-furnished
13851128,12245,3,1,4,TRUE,TRUE,TRUE,TRUE,TRUE,2,FALSE,unfurnished
8285278,13282,4,4,4,FALSE,FALSE,FALSE,TRUE,TRUE,0,TRUE,semi-furnished
8857302,11019,4,3,4,TRUE,FALSE,TRUE,TRUE,TRUE,3,TRUE,furnished
10856771,5232,3,2,1,FALSE,FALSE,TRUE,TRUE,FALSE,0,TRUE,furnished
9560401,10998,3,2,3,FALSE,TRUE,FALSE,FALSE,TRUE,1,FALSE,unfurnished
10255163,13183,5,4,4,TRUE,TRUE,TRUE,TRUE,FALSE,1,TRUE,semi-furnished
11000337,7426,3,124,1,FALSE,TRUE,TRUE,TRUE,FALSE,2,FALSE,furnished
9426838,12367,3,4,2,FALSE,FALSE,FALSE,FALSE,FALSE,3,TRUE,semi-furnished
11025694,6041,4,2,2,TRUE,TRUE,FALSE,TRUE,TRUE,2,FALSE,unfurnished
9332728,11058,3,2,1,TRUE,FALSE,FALSE,FALSE,TRUE,3,TRUE,unfurnished
9746991,8598,3,4,1,FALSE,TRUE,FALSE,FALSE,TRUE,0,TRUE,semi-furnished
13573515,4000,3,1,3,TRUE,TRUE,TRUE,FALSE,FALSE,3,TRUE,furnished
13900485,14690,5,4,1,FALSE,FALSE,TRUE,FALSE,FALSE,1,FALSE,semi-furnished
10099760,6780,4,3,1,FALSE,FALSE,TRUE,TRUE,FALSE,0,FALSE,semi-furnished
11740646,10102,3,4,4,TRUE,FALSE,FALSE,TRUE,FALSE,3,FALSE,semi-furnished
11253928,4775,3,1,4,FALSE,TRUE,,FALSE,FALSE,0,TRUE,unfurnished
10949797,13389,5,1,2,FALSE,FALSE,FALSE,TRUE,FALSE,3,FALSE,unfurnished
9663754,13032,3,3,1,TRUE,TRUE,FALSE,FALSE,TRUE,3,TRUE,unfurnished
9227192,12626,5,2,2,TRUE,TRUE,FALSE,TRUE,TRUE,1,TRUE,semi-furnished
8534490,4592,5,1,2,FALSE,TRUE,TRUE,TRUE,TRUE,0,FALSE,furnished
12134286,14025,3,1,1,TRUE,TRUE,FALSE,FALSE,TRUE,0,FALSE,semi-furnished
,10804,3,4,1,FALSE,TRUE,TRUE,FALSE,TRUE,2,TRUE,semi-furnished
8794686,5144,5,3,4,FALSE,TRUE,TRUE,TRUE,TRUE,3,TRUE,unfurnished
10158677,14042,4,4,3,FALSE,TRUE,TRUE,TRUE,TRUE,3,FALSE,semi-furnished
9347452,12134,3,1,4,FALSE,TRUE,FALSE,FALSE,TRUE,0,TRUE,semi-furnished
8087516,14581,5,2,3,TRUE,TRUE,TRUE,FALSE,TRUE,3,FALSE,furnished
8414537,12125,5,3,1,TRUE,FALSE,TRUE,FALSE,TRUE,3,FALSE,unfurnished
12641845,9526,5,3,2,TRUE,TRUE,FALSE,FALSE,FALSE,3,FALSE,semi-furnished
9267929,8136,5,4,2,TRUE,TRUE,TRUE,FALSE,FALSE,0,TRUE,unfurnished
8614420,9543,3,4,2,FALSE,FALSE,FALSE,FALSE,TRUE,3,FALSE,semi-furnished
12607646,13507,4,1,4,FALSE,TRUE,FALSE,FALSE,FALSE,1,TRUE,furnished
9203870,5346,3,3,4,FALSE,TRUE,FALSE,TRUE,FALSE,2,FALSE,unfurnished
11524435,12211,3,3,3,FALSE,TRUE,TRUE,FALSE,FALSE,2,FALSE,unfurnished
12997342,12452,3,1,1,FALSE,FALSE,FALSE,TRUE,TRUE,3,TRUE,semi-furnished
11815487,4205,3,2,1,FALSE,TRUE,TRUE,FALSE,TRUE,3,FALSE,unfurnished
9032723,14248,3,4,2,FALSE,TRUE,FALSE,FALSE,TRUE,2,FALSE,furnished
10837740,9598,4,2,3,FALSE,TRUE,FALSE,TRUE,TRUE,3,FALSE,unfurnished
8467775,15812,3,3,4,FALSE,FALSE,TRUE,TRUE,FALSE,3,TRUE,unfurnished
10039325,13836,3,,4,TRUE,TRUE,TRUE,FALSE,TRUE,2,FALSE,furnished
10593124,4938,4,2,1,TRUE,FALSE,,TRUE,TRUE,0,FALSE,furnished
12930631,5717,5,4,1,TRUE,FALSE,FALSE,TRUE,FALSE,1,FALSE,unfurnished
11199673,14060,5,2,1,FALSE,TRUE,TRUE,TRUE,FALSE,3,FALSE,semi-furnished
13694118,13769,5,2,3,FALSE,TRUE,FALSE,FALSE,FALSE,1,TRUE,semi-furnished
8597411,15744,5,2,1,FALSE,TRUE,FALSE,FALSE,FALSE,2,FALSE,furnished
12868082,7604,3,2,4,FALSE,TRUE,TRUE,FALSE,TRUE,3,FALSE,furnished
8450955,3873,4,1,2,TRUE,TRUE,,FALSE,TRUE,3,TRUE,furnished
8796813,12824,5,2,3,FALSE,FALSE,FALSE,FALSE,FALSE,3,TRUE,furnished
12729115,14610,4,3,3,TRUE,FALSE,FALSE,TRUE,TRUE,3,FALSE,semi-furnished
12310082,4646,5,3,4,FALSE,FALSE,FALSE,TRUE,FALSE,0,TRUE,unfurnished
11323279,10001,4,2,2,TRUE,TRUE,TRUE,FALSE,TRUE,0,TRUE,unfurnished
13365627,8887,3,3,1,FALSE,TRUE,TRUE,TRUE,TRUE,0,TRUE,furnished
8037940,12117,4,2,4,TRUE,TRUE,FALSE,TRUE,TRUE,2,FALSE,semi-furnished
11371645,8444,3,4,1,FALSE,TRUE,TRUE,FALSE,FALSE,2,FALSE,furnished
8033308,9869,5,2,1,TRUE,FALSE,TRUE,FALSE,TRUE,2,TRUE,furnished
10841993,9426,3,1,4,FALSE,FALSE,FALSE,FALSE,FALSE,3,TRUE,semi-furnished
9190257,9667,4,4,1,TRUE,FALSE,TRUE,FALSE,TRUE,1,FALSE,unfurnished
12486715,8435,,4,2,FALSE,FALSE,TRUE,TRUE,FALSE,1,TRUE,furnished
11243059,14608,3,2,4,FALSE,FALSE,TRUE,FALSE,TRUE,2,FALSE,unfurnished
11344440,14513,4,2,4,FALSE,FALSE,FALSE,TRUE,TRUE,2,FALSE,semi-furnished
12084186,13822,3,2,4,TRUE,TRUE,FALSE,FALSE,FALSE,1,FALSE,semi-furnished
10238690,9444,3,4,1,TRUE,FALSE,FALSE,TRUE,FALSE,1,FALSE,semi-furnished
10215444,6846,4,3,4,TRUE,TRUE,FALSE,FALSE,TRUE,2,TRUE,semi-furnished
12527350,6333,5,4,1,FALSE,FALSE,TRUE,TRUE,TRUE,3,TRUE,semi-furnished
13162870,11946,5,4,2,FALSE,FALSE,FALSE,FALSE,FALSE,1,FALSE,furnished
10973639,10236,4,4,3,FALSE,FALSE,TRUE,FALSE,FALSE,0,TRUE,unfurnished
12369412,3730,5,1,4,TRUE,FALSE,TRUE,FALSE,TRUE,3,TRUE,semi-furnished
8063552,6018,3,1,4,TRUE,FALSE,,TRUE,TRUE,3,TRUE,furnished
8095993,8484,4,1,2,FALSE,FALSE,TRUE,FALSE,FALSE,1,FALSE,semi-furnished
11817434,,5,1,1,TRUE,FALSE,FALSE,TRUE,FALSE,0,TRUE,furnished
11455328,8902,5,2,4,FALSE,TRUE,FALSE,FALSE,FALSE,2,FALSE,unfurnished
10855488,13815,5,2,1,TRUE,TRUE,FALSE,FALSE,FALSE,0,FALSE,semi-furnished
10226485,11981,3,3,4,FALSE,FALSE,,FALSE,TRUE,2,TRUE,semi-furnished
10762637,14428,5,2,1,TRUE,TRUE,TRUE,FALSE,FALSE,3,FALSE,furnished
12325160,4746,3,2,3,FALSE,FALSE,TRUE,TRUE,FALSE,0,TRUE,semi-furnished
9808772,13101,4,4,2,TRUE,FALSE,FALSE,FALSE,FALSE,3,FALSE,furnished
12028707,12943,3,4,2,FALSE,FALSE,FALSE,TRUE,TRUE,3,FALSE,furnished
12002885,12710,5,3,3,FALSE,FALSE,TRUE,FALSE,FALSE,0,FALSE,furnished
10042925,7197,5,4,4,TRUE,TRUE,TRUE,TRUE,FALSE,3,FALSE,semi-furnished
8227888,12765,3,3,4,TRUE,TRUE,FALSE,TRUE,TRUE,2,TRUE,furnished
12256298,8040,5,4,1,TRUE,TRUE,TRUE,TRUE,TRUE,3,FALSE,semi-furnished
11135022,11864,4,1,1,TRUE,FALSE,,TRUE,TRUE,1,TRUE,semi-furnished
9867372,11617,3,3,4,FALSE,FALSE,TRUE,TRUE,FALSE,0,TRUE,semi-furnished
10592392,5934,3,,1,FALSE,FALSE,FALSE,TRUE,TRUE,2,TRUE,unfurnished
9564382,15237,3,1,3,TRUE,TRUE,FALSE,FALSE,TRUE,1,FALSE,furnished
8874147,5765,5,1,1,TRUE,FALSE,TRUE,TRUE,TRUE,3,TRUE,semi-furnished
8155548,6585,5,2,2,FALSE,FALSE,FALSE,TRUE,FALSE,0,FALSE,unfurnished
10922011,15025,3,1,3,TRUE,FALSE,FALSE,FALSE,TRUE,1,TRUE,furnished
10064234,13001,5,,3,FALSE,TRUE,TRUE,TRUE,FALSE,0,TRUE,semi-furnished
11000377,10809,5,2,2,FALSE,FALSE,TRUE,TRUE,TRUE,0,TRUE,furnished
13222839,10860,3,4,3,FALSE,FALSE,FALSE,FALSE,TRUE,1,TRUE,semi-furnished
12640877,9653,4,3,2,TRUE,FALSE,TRUE,FALSE,FALSE,1,FALSE,furnished
9275618,11504,4,4,2,FALSE,FALSE,,TRUE,TRUE,1,TRUE,furnished
13737403,15341,3,1,4,TRUE,FALSE,TRUE,FALSE,FALSE,3,TRUE,furnished
12212927,6063,,2,2,TRUE,FALSE,TRUE,FALSE,FALSE,3,TRUE,semi-furnished
13077544,13481,4,1,2,FALSE,TRUE,FALSE,TRUE,TRUE,1,TRUE,unfurnished
13840635,5889,4,2,2,FALSE,FALSE,,TRUE,TRUE,0,FALSE,unfurnished
8699601,15492,4,2,1,TRUE,FALSE,FALSE,FALSE,TRUE,0,TRUE,unfurnished
12164915,12430,4,3,3,TRUE,FALSE,FALSE,FALSE,FALSE,2,FALSE,unfurnished
8349646,,3,1,3,TRUE,FALSE,FALSE,FALSE,FALSE,0,FALSE,unfurnished
12701298,6939,4,4,3,FALSE,FALSE,TRUE,FALSE,FALSE,1,FALSE,semi-furnished
11614027,7534,3,2,3,TRUE,FALSE,FALSE,FALSE,FALSE,1,TRUE,furnished
9590241,6071,4,,3,TRUE,FALSE,FALSE,TRUE,TRUE,3,TRUE,furnished
10672413,6995,5,4,2,FALSE,TRUE,TRUE,TRUE,FALSE,1,FALSE,unfurnished
10753357,11204,3,,2,TRUE,TRUE,,TRUE,TRUE,2,FALSE,semi-furnished
11520746,14272,4,3,3,FALSE,FALSE,TRUE,TRUE,TRUE,1,TRUE,unfurnished
11362770,14415,3,1,3,TRUE,FALSE,TRUE,TRUE,TRUE,3,FALSE,unfurnished
12260756,11867,4,2,3,FALSE,FALSE,FALSE,FALSE,TRUE,0,TRUE,furnished
9367231,7192,5,3,4,FALSE,TRUE,FALSE,TRUE,TRUE,3,TRUE,unfurnished
13292467,8519,5,3,2,TRUE,TRUE,FALSE,FALSE,TRUE,0,TRUE,semi-furnished
9136084,10538,4,2,2,TRUE,TRUE,TRUE,TRUE,TRUE,1,TRUE,unfurnished
10062413,15676,5,1,3,FALSE,FALSE,FALSE,TRUE,FALSE,2,TRUE,furnished
10650411,12813,3,1,2,FALSE,TRUE,TRUE,FALSE,FALSE,2,TRUE,semi-furnished
10217528,7851,4,1,4,FALSE,TRUE,,TRUE,TRUE,1,TRUE,furnished
9340819,11274,5,4,1,FALSE,TRUE,FALSE,TRUE,TRUE,3,FALSE,unfurnished
11070874,6321,5,2,3,FALSE,TRUE,FALSE,TRUE,FALSE,0,FALSE,unfurnished
11422473,7483,4,3,4,FALSE,FALSE,TRUE,FALSE,TRUE,1,FALSE,furnished
12635037,14863,4,3,,TRUE,FALSE,FALSE,TRUE,TRUE,0,TRUE,unfurnished
12428648,5789,4,4,1,TRUE,FALSE,TRUE,TRUE,FALSE,3,FALSE,furnished
11621240,3897,5,1,2,TRUE,FALSE,TRUE,FALSE,FALSE,0,FALSE,semi-furnished
8760285,15059,5,2,4,TRUE,FALSE,FALSE,FALSE,TRUE,0,TRUE,semi-furnished
8537828,9846,3,1,1,TRUE,TRUE,FALSE,FALSE,FALSE,0,TRUE,semi-furnished
11132336,6998,3,2,3,FALSE,TRUE,TRUE,TRUE,FALSE,3,FALSE,semi-furnished
12895535,7563,5,3,2,FALSE,FALSE,TRUE,FALSE,FALSE,3,FALSE,unfurnished
10068633,16025,5,1,2,FALSE,TRUE,TRUE,FALSE,FALSE,0,FALSE,furnished
9714940,12074,5,3,2,TRUE,TRUE,TRUE,TRUE,FALSE,2,FALSE,furnished
13999077,10484,3,4,3,TRUE,FALSE,FALSE,FALSE,TRUE,1,FALSE,unfurnished
12551494,7260,4,3,2,FALSE,FALSE,FALSE,FALSE,FALSE,3,TRUE,unfurnished
10649721,9532,3,4,1,FALSE,FALSE,FALSE,FALSE,FALSE,2,TRUE,furnished
13569067,15368,5,4,3,TRUE,TRUE,TRUE,FALSE,FALSE,0,FALSE,semi-furnished
11253419,10677,5,3,2,TRUE,TRUE,TRUE,TRUE,FALSE,3,TRUE,semi-furnished
10265348,15768,3,1,3,TRUE,FALSE,TRUE,TRUE,FALSE,0,TRUE,furnished
13145665,11908,5,3,1,FALSE,FALSE,FALSE,FALSE,FALSE,1,TRUE,unfurnished
10581709,6328,4,2,3,FALSE,FALSE,FALSE,FALSE,TRUE,0,TRUE,semi-furnished
8802461,14512,4,2,1,TRUE,TRUE,FALSE,TRUE,FALSE,1,TRUE,semi-furnished
12986738,13097,3,4,2,TRUE,TRUE,TRUE,TRUE,TRUE,0,FALSE,semi-furnished
12634294,9207,3,2,2,FALSE,FALSE,FALSE,FALSE,TRUE,1,TRUE,unfurnished
13848572,9319,5,4,3,FALSE,FALSE,TRUE,FALSE,TRUE,0,TRUE,semi-furnished
11620512,3610,5,1,3,FALSE,FALSE,TRUE,TRUE,TRUE,0,FALSE,unfurnished
11495930,7760,5,1,1,TRUE,FALSE,FALSE,FALSE,TRUE,3,FALSE,unfurnished
13212893,8275,5,1,3,FALSE,TRUE,TRUE,TRUE,FALSE,0,FALSE,semi-furnished
10457158,5212,3,2,1,TRUE,FALSE,TRUE,TRUE,TRUE,2,FALSE,semi-furnished
10028926,5987,5,4,4,FALSE,TRUE,TRUE,TRUE,TRUE,3,TRUE,furnished
8610630,11292,4,4,3,FALSE,FALSE,FALSE,TRUE,TRUE,0,FALSE,semi-furnished
13850935,13652,5,4,4,FALSE,FALSE,TRUE,TRUE,TRUE,2,TRUE,semi-furnished
11081277,8751,5,3,2,FALSE,TRUE,FALSE,TRUE,FALSE,0,TRUE,unfurnished
11462742,7591,4,3,4,TRUE,FALSE,TRUE,FALSE,FALSE,2,FALSE,unfurnished
11465701,13664,4,3,4,TRUE,TRUE,,FALSE,FALSE,0,FALSE,furnished
13957383,11259,3,3,3,FALSE,FALSE,FALSE,FALSE,FALSE,0,TRUE,furnished
8049490,14773,4,3,3,TRUE,FALSE,TRUE,TRUE,TRUE,2,TRUE,furnished
8794218,4822,5,3,3,FALSE,TRUE,,FALSE,TRUE,0,FALSE,unfurnished
12387800,15409,3,2,4,FALSE,FALSE,TRUE,TRUE,TRUE,3,TRUE,semi-furnished
10062074,9890,3,3,3,FALSE,TRUE,TRUE,TRUE,TRUE,3,FALSE,furnished
9886178,12689,5,3,3,TRUE,FALSE,FALSE,TRUE,FALSE,2,TRUE,furnished
10230673,11812,3,2,1,FALSE,FALSE,FALSE,FALSE,TRUE,1,TRUE,semi-furnished
13876254,12901,4,2,3,FALSE,FALSE,FALSE,FALSE,TRUE,0,FALSE,semi-furnished
10824866,6641,4,2,4,TRUE,FALSE,TRUE,TRUE,TRUE,3,FALSE,furnished
8160162,4236,4,1,2,FALSE,TRUE,TRUE,FALSE,FALSE,1,TRUE,unfurnished
11133204,4566,3,2,3,TRUE,FALSE,,FALSE,FALSE,2,FALSE,furnished
11197763,4238,5,3,1,TRUE,TRUE,,FALSE,FALSE,3,FALSE,unfurnished
11444805,11928,3,2,2,FALSE,FALSE,FALSE,FALSE,TRUE,3,FALSE,furnished
11938967,14169,3,4,4,FALSE,TRUE,TRUE,TRUE,TRUE,3,TRUE,furnished
11933032,13283,5,3,4,TRUE,FALSE,FALSE,FALSE,TRUE,2,FALSE,unfurnished
11511224,5887,3,2,3,TRUE,TRUE,FALSE,FALSE,TRUE,1,FALSE,semi-furnished
13818302,15089,4,2,4,TRUE,TRUE,TRUE,FALSE,TRUE,1,TRUE,furnished
11549106,9444,4,1,1,FALSE,TRUE,FALSE,TRUE,TRUE,0,FALSE,unfurnished
12509499,15298,4,4,2,TRUE,FALSE,TRUE,TRUE,FALSE,0,TRUE,unfurnished
11293011,14831,5,2,,TRUE,FALSE,TRUE,FALSE,FALSE,0,TRUE,semi-furnished
13376526,8774,4,2,1,FALSE,TRUE,TRUE,FALSE,TRUE,3,TRUE,unfurnished
10238066,15465,3,3,4,TRUE,FALSE,TRUE,FALSE,FALSE,3,FALSE,semi-furnished
13914010,7521,3,1,2,FALSE,FALSE,FALSE,FALSE,TRUE,2,TRUE,semi-furnished
12395326,11839,5,3,1,TRUE,FALSE,FALSE,TRUE,FALSE,1,FALSE,semi-furnished
9991590,15785,4,1,3,TRUE,TRUE,TRUE,TRUE,FALSE,0,TRUE,furnished
13581364,4602,4,3,1,TRUE,FALSE,FALSE,FALSE,FALSE,2,FALSE,unfurnished
8468696,10810,4,4,2,FALSE,TRUE,TRUE,FALSE,TRUE,0,TRUE,unfurnished
8284775,7615,3,4,2,TRUE,TRUE,TRUE,TRUE,FALSE,3,TRUE,unfurnished
12406010,3603,5,2,2,TRUE,TRUE,FALSE,FALSE,FALSE,2,TRUE,semi-furnished
10936793,11883,4,4,1,FALSE,TRUE,FALSE,FALSE,TRUE,1,TRUE,unfurnished
9875468,10471,4,2,1,TRUE,TRUE,TRUE,TRUE,TRUE,2,TRUE,unfurnished
10836948,13274,5,4,3,TRUE,TRUE,TRUE,FALSE,FALSE,3,TRUE,unfurnished
13390298,12987,4,2,3,FALSE,TRUE,FALSE,TRUE,FALSE,2,FALSE,unfurnished
13436396,6377,5,1,2,TRUE,FALSE,TRUE,FALSE,FALSE,2,TRUE,furnished
12308826,12538,3,2,3,FALSE,FALSE,FALSE,TRUE,FALSE,2,FALSE,semi-furnished
13435801,4790,4,4,1,TRUE,TRUE,FALSE,FALSE,TRUE,3,FALSE,furnished
8692985,12462,5,3,4,TRUE,TRUE,TRUE,TRUE,TRUE,1,FALSE,furnished
12268165,8455,4,2,,FALSE,FALSE,TRUE,TRUE,FALSE,0,FALSE,semi-furnished
12896992,9554,3,1,3,TRUE,TRUE,TRUE,FALSE,TRUE,1,FALSE,unfurnished
10467204,11414,4,1,1,FALSE,TRUE,TRUE,TRUE,TRUE,0,TRUE,unfurnished
12248580,4413,5,1,4,TRUE,TRUE,TRUE,TRUE,TRUE,2,TRUE,furnished
13070705,14111,4,3,1,FALSE,FALSE,TRUE,TRUE,TRUE,2,FALSE,furnished
12729013,8361,3,2,1,TRUE,TRUE,FALSE,FALSE,TRUE,3,FALSE,semi-furnished
9390344,5495,4,3,3,FALSE,TRUE,FALSE,FALSE,TRUE,0,FALSE,semi-furnished
13358994,10483,5,4,4,TRUE,TRUE,FALSE,TRUE,FALSE,1,TRUE,furnished
10791236,14501,4,2,4,TRUE,FALSE,,FALSE,TRUE,0,FALSE,semi-furnished
13913212,14237,5,4,2,TRUE,FALSE,FALSE,FALSE,TRUE,1,TRUE,semi-furnished
11321055,6796,4,3,2,TRUE,TRUE,TRUE,TRUE,FALSE,2,TRUE,semi-furnished
11673659,5574,5,2,1,FALSE,TRUE,TRUE,FALSE,FALSE,3,FALSE,unfurnished
11851595,8866,5,4,4,FALSE,FALSE,TRUE,FALSE,FALSE,0,TRUE,unfurnished
11280028,9738,4,4,2,TRUE,TRUE,FALSE,FALSE,TRUE,3,TRUE,unfurnished
11616135,4134,3,2,1,TRUE,TRUE,TRUE,TRUE,TRUE,1,FALSE,unfurnished
11738958,12263,3,2,1,FALSE,TRUE,TRUE,FALSE,TRUE,3,TRUE,semi-furnished
13546760,,4,4,3,TRUE,FALSE,FALSE,TRUE,TRUE,3,TRUE,furnished
9344230,9794,5,1,4,TRUE,TRUE,TRUE,FALSE,TRUE,0,FALSE,unfurnished
13751282,7635,3,1,2,TRUE,TRUE,TRUE,TRUE,FALSE,0,TRUE,unfurnished
13077872,9903,5,,4,FALSE,FALSE,TRUE,TRUE,TRUE,1,TRUE,furnished
12194364,6484,5,1,1,FALSE,TRUE,FALSE,FALSE,TRUE,1,FALSE,semi-furnished
8802348,11038,4,3,4,TRUE,FALSE,FALSE,TRUE,FALSE,3,FALSE,semi-furnished
8622173,,5,3,3,TRUE,FALSE,TRUE,FALSE,FALSE,1,FALSE,unfurnished
11505721,11885,4,3,4,TRUE,TRUE,FALSE,TRUE,TRUE,2,FALSE,semi-furnished
12214885,11254,4,2,1,FALSE,FALSE,TRUE,TRUE,FALSE,1,TRUE,furnished
13024526,13319,4,4,3,FALSE,FALSE,TRUE,FALSE,TRUE,3,TRUE,furnished
13772441,4678,,1,2,TRUE,FALSE,FALSE,TRUE,TRUE,0,FALSE,semi-furnished
13666885,10858,4,4,1,FALSE,TRUE,FALSE,TRUE,FALSE,3,TRUE,semi-furnished
11391302,4410,3,2,3,TRUE,TRUE,TRUE,TRUE,FALSE,1,TRUE,unfurnished
12133649,10597,4,4,1,FALSE,TRUE,TRUE,FALSE,FALSE,1,FALSE,unfurnished
13830118,4469,3,1,4,TRUE,TRUE,FALSE,TRUE,FALSE,0,FALSE,semi-furnished
9390602,12272,4,4,2,TRUE,FALSE,TRUE,TRUE,FALSE,3,TRUE,furnished
10978332,14313,4,1,3,TRUE,TRUE,TRUE,FALSE,FALSE,3,TRUE,furnished
,4808,4,2,3,FALSE,FALSE,FALSE,FALSE,TRUE,3,FALSE,semi-furnished
8817854,10954,4,2,2,TRUE,TRUE,FALSE,TRUE,TRUE,0,TRUE,unfurnished
10859133,5266,3,1,1,TRUE,FALSE,TRUE,TRUE,TRUE,2,TRUE,unfurnished
8219020,4735,4,1,2,TRUE,FALSE,TRUE,TRUE,FALSE,1,FALSE,furnished
13503690,12462,3,1,2,TRUE,FALSE,,TRUE,TRUE,0,TRUE,furnished
8346724,4994,3,3,2,FALSE,FALSE,FALSE,FALSE,FALSE,1,FALSE,semi-furnished
12483648,6402,3,4,2,FALSE,FALSE,FALSE,FALSE,FALSE,3,TRUE,semi-furnished
13712635,15666,4,1,3,FALSE,TRUE,FALSE,FALSE,FALSE,3,FALSE,unfurnished
12150916,12261,3,,1,FALSE,FALSE,TRUE,TRUE,FALSE,3,TRUE,furnished
9423617,6502,5,4,4,TRUE,FALSE,FALSE,FALSE,TRUE,1,TRUE,semi-furnished
9830527,14882,4,2,3,TRUE,TRUE,TRUE,TRUE,TRUE,2,TRUE,furnished
12265657,14146,4,1,3,TRUE,TRUE,FALSE,FALSE,FALSE,2,TRUE,semi-furnished
11058314,12365,3,4,3,FALSE,FALSE,TRUE,TRUE,TRUE,0,FALSE,furnished
8550478,7024,4,2,2,FALSE,FALSE,TRUE,FALSE,FALSE,0,TRUE,furnished
11365860,9071,5,2,3,FALSE,TRUE,FALSE,FALSE,FALSE,2,FALSE,furnished
10367350,12184,4,4,1,FALSE,FALSE,TRUE,FALSE,FALSE,3,FALSE,furnished
9095743,9499,3,4,2,TRUE,TRUE,FALSE,FALSE,FALSE,0,FALSE,unfurnished
9684639,5588,3,3,3,TRUE,TRUE,FALSE,FALSE,FALSE,3,FALSE,unfurnished
12312038,14533,5,4,3,FALSE,FALSE,FALSE,FALSE,TRUE,0,TRUE,furnished
11919175,6495,5,3,1,FALSE,TRUE,TRUE,FALSE,FALSE,1,TRUE,furnished
11978034,9990,3,1,4,FALSE,TRUE,TRUE,TRUE,FALSE,0,TRUE,unfurnished
10895068,11996,5,4,3,FALSE,FALSE,FALSE,TRUE,TRUE,2,TRUE,furnished
10122445,11918,5,2,1,FALSE,TRUE,TRUE,TRUE,FALSE,0,TRUE,semi-furnished
12259357,15637,3,1,4,FALSE,FALSE,FALSE,TRUE,FALSE,0,FALSE,furnished
8492626,4204,4,1,1,FALSE,TRUE,TRUE,FALSE,TRUE,1,FALSE,unfurnished
8789006,6026,3,1,4,TRUE,FALSE,FALSE,TRUE,TRUE,3,FALSE,unfurnished
11061966,11342,3,2,4,TRUE,TRUE,FALSE,FALSE,FALSE,3,TRUE,furnished
12209335,5029,4,2,3,TRUE,TRUE,FALSE,FALSE,FALSE,0,TRUE,furnished
10674725,15660,5,2,2,FALSE,TRUE,TRUE,TRUE,FALSE,0,FALSE,semi-furnished
12449371,12671,4,2,4,FALSE,FALSE,TRUE,TRUE,FALSE,3,TRUE,furnished
11488066,3930,5,4,3,TRUE,FALSE,TRUE,FALSE,TRUE,0,FALSE,furnished
13456330,14883,3,3,1,TRUE,FALSE,FALSE,TRUE,FALSE,0,TRUE,semi-furnished
13558465,7639,5,2,4,FALSE,TRUE,TRUE,TRUE,FALSE,3,FALSE,semi-furnished
8923474,11526,5,2,3,TRUE,TRUE,TRUE,TRUE,FALSE,2,FALSE,unfurnished
10331360,7277,3,3,3,FALSE,FALSE,TRUE,FALSE,TRUE,3,TRUE,unfurnished
11392079,15675,4,2,4,FALSE,FALSE,FALSE,FALSE,TRUE,1,TRUE,unfurnished
8459982,12637,3,3,2,FALSE,FALSE,TRUE,FALSE,TRUE,2,FALSE,unfurnished
10360309,4473,4,3,1,TRUE,FALSE,FALSE,TRUE,FALSE,1,FALSE,unfurnished
9734984,4762,4,3,2,TRUE,TRUE,FALSE,TRUE,FALSE,2,FALSE,unfurnished
11910924,15860,5,4,4,TRUE,TRUE,TRUE,TRUE,TRUE,0,FALSE,semi-furnished
13800213,12588,5,3,1,TRUE,FALSE,TRUE,TRUE,TRUE,3,FALSE,furnished
10726546,7699,3,4,4,TRUE,TRUE,FALSE,TRUE,TRUE,2,FALSE,unfurnished
11747064,6176,4,1,4,FALSE,FALSE,FALSE,TRUE,TRUE,1,TRUE,semi-furnished
11061089,13864,3,1,1,TRUE,FALSE,FALSE,FALSE,TRUE,0,TRUE,unfurnished
9771905,13295,3,4,3,FALSE,TRUE,TRUE,TRUE,TRUE,0,TRUE,unfurnished
13426092,6480,4,4,3,FALSE,FALSE,TRUE,FALSE,FALSE,1,FALSE,furnished
13376889,4087,5,2,2,FALSE,TRUE,FALSE,FALSE,TRUE,0,TRUE,furnished
13352314,10405,5,3,1,FALSE,TRUE,TRUE,FALSE,TRUE,3,TRUE,unfurnished
13640093,14376,3,1,4,FALSE,FALSE,TRUE,TRUE,TRUE,0,TRUE,unfurnished
11982557,6382,3,2,4,FALSE,FALSE,TRUE,FALSE,TRUE,1,TRUE,unfurnished
10631185,16098,4,2,4,TRUE,TRUE,TRUE,TRUE,TRUE,3,FALSE,furnished
12796235,4120,4,1,3,TRUE,FALSE,TRUE,TRUE,FALSE,2,TRUE,semi-furnished
11417274,14511,4,4,4,FALSE,TRUE,FALSE,TRUE,FALSE,0,FALSE,semi-furnished
10657370,8174,4,4,1,TRUE,TRUE,FALSE,TRUE,TRUE,1,FALSE,semi-furnished
11874105,15752,4,3,2,TRUE,FALSE,TRUE,FALSE,FALSE,1,FALSE,furnished
8307415,12360,5,1,1,TRUE,TRUE,TRUE,FALSE,TRUE,1,FALSE,semi-furnished
8157349,4239,3,4,2,FALSE,TRUE,FALSE,TRUE,TRUE,2,TRUE,furnished
12134288,6907,3,3,1,TRUE,TRUE,FALSE,TRUE,FALSE,2,TRUE,furnished
8511594,9500,3,2,2,TRUE,TRUE,FALSE,FALSE,TRUE,1,TRUE,unfurnished
8258964,14868,3,4,1,FALSE,TRUE,TRUE,FALSE,FALSE,0,TRUE,unfurnished
,14474,5,4,4,FALSE,TRUE,FALSE,TRUE,FALSE,1,TRUE,furnished
13457433,13552,4,4,2,FALSE,TRUE,TRUE,FALSE,FALSE,0,TRUE,semi-furnished
8261788,15854,3,2,3,TRUE,TRUE,FALSE,TRUE,FALSE,3,TRUE,unfurnished
,8853,3,1,2,FALSE,TRUE,FALSE,TRUE,FALSE,3,TRUE,unfurnished
11610046,10398,5,1,1,FALSE,FALSE,FALSE,FALSE,FALSE,2,FALSE,furnished
12428155,13511,4,3,2,FALSE,FALSE,FALSE,TRUE,FALSE,3,FALSE,unfurnished
13826894,3977,5,2,1,FALSE,FALSE,FALSE,TRUE,FALSE,3,FALSE,semi-furnished
12983427,8775,5,4,1,FALSE,FALSE,FALSE,FALSE,FALSE,0,FALSE,furnished
8997896,5364,5,1,4,TRUE,TRUE,FALSE,TRUE,FALSE,3,FALSE,semi-furnished
13311570,10316,4,2,3,FALSE,TRUE,TRUE,FALSE,FALSE,3,FALSE,furnished
10697561,8488,4,3,2,TRUE,TRUE,FALSE,TRUE,FALSE,0,FALSE,unfurnished
12687582,5981,4,4,1,TRUE,FALSE,FALSE,FALSE,TRUE,2,FALSE,semi-furnished
11829528,7493,4,1,4,TRUE,FALSE,FALSE,FALSE,FALSE,1,FALSE,unfurnished
8539477,6287,4,4,1,FALSE,FALSE,TRUE,TRUE,TRUE,0,FALSE,furnished
11543828,11755,3,3,3,FALSE,FALSE,FALSE,TRUE,TRUE,3,TRUE,unfurnished
9774471,10557,3,1,3,TRUE,TRUE,TRUE,TRUE,FALSE,1,FALSE,furnished
13352616,10547,5,4,2,TRUE,TRUE,FALSE,TRUE,FALSE,3,FALSE,unfurnished
8450815,5639,4,1,1,FALSE,FALSE,TRUE,TRUE,TRUE,2,FALSE,semi-furnished
9009992,12538,3,1,3,TRUE,TRUE,TRUE,TRUE,FALSE,3,TRUE,furnished
13197229,10503,5,2,2,TRUE,FALSE,TRUE,TRUE,FALSE,3,FALSE,semi-furnished
12572285,12534,5,2,3,TRUE,FALSE,TRUE,TRUE,FALSE,1,FALSE,furnished
11191676,4860,5,2,2,FALSE,FALSE,TRUE,FALSE,FALSE,1,TRUE,unfurnished
12128174,6939,3,3,1,FALSE,TRUE,TRUE,FALSE,FALSE,2,FALSE,unfurnished
11775738,11333,5,4,2,TRUE,FALSE,FALSE,TRUE,TRUE,0,FALSE,furnished
12501208,12519,5,2,2,TRUE,FALSE,FALSE,FALSE,FALSE,0,TRUE,semi-furnished
13233274,9050,4,1,,FALSE,FALSE,TRUE,TRUE,TRUE,3,TRUE,unfurnished
13866103,4113,4,2,2,FALSE,FALSE,,FALSE,FALSE,0,FALSE,semi-furnished
11197520,6347,5,1,2,TRUE,TRUE,FALSE,FALSE,TRUE,1,TRUE,furnished
12759325,10322,5,1,2,TRUE,FALSE,FALSE,TRUE,FALSE,1,FALSE,furnished
9960591,12727,4,2,1,FALSE,FALSE,FALSE,FALSE,FALSE,2,FALSE,furnished
9139726,15618,4,2,4,TRUE,TRUE,FALSE,TRUE,TRUE,2,TRUE,unfurnished
8196525,7342,4,4,1,FALSE,FALSE,TRUE,FALSE,TRUE,0,FALSE,furnished
11782094,11166,3,2,1,TRUE,TRUE,TRUE,FALSE,FALSE,1,TRUE,semi-furnished
11481606,4308,4,2,3,FALSE,TRUE,FALSE,FALSE,TRUE,1,TRUE,semi-furnished
13557133,,4,2,3,TRUE,FALSE,FALSE,FALSE,FALSE,3,TRUE,furnished
11323297,14696,4,1,3,FALSE,TRUE,TRUE,FALSE,TRUE,2,FALSE,furnished
13951715,11121,5,4,3,FALSE,FALSE,TRUE,TRUE,FALSE,2,FALSE,furnished
9752786,15454,3,2,4,TRUE,TRUE,TRUE,FALSE,FALSE,2,FALSE,furnished
10048636,11019,5,4,4,FALSE,FALSE,TRUE,FALSE,FALSE,0,FALSE,semi-furnished
11909455,11750,3,3,1,FALSE,TRUE,FALSE,TRUE,TRUE,2,TRUE,furnished
8786402,15219,3,2,2,TRUE,FALSE,TRUE,TRUE,TRUE,2,TRUE,unfurnished
13855584,10124,4,4,1,TRUE,FALSE,TRUE,FALSE,FALSE,2,FALSE,unfurnished
11927705,14144,4,4,2,TRUE,TRUE,FALSE,TRUE,FALSE,0,TRUE,semi-furnished
11570228,4124,4,2,3,TRUE,FALSE,FALSE,TRUE,TRUE,0,TRUE,furnished
8724925,15814,3,2,,TRUE,FALSE,TRUE,FALSE,TRUE,0,TRUE,semi-furnished
8274958,5733,4,1,4,FALSE,TRUE,FALSE,TRUE,TRUE,1,TRUE,semi-furnished
11105634,11611,4,1,4,FALSE,FALSE,TRUE,FALSE,FALSE,0,FALSE,furnished
9556806,8772,5,1,1,FALSE,TRUE,FALSE,FALSE,FALSE,3,TRUE,semi-furnished
8964978,15097,5,4,4,FALSE,FALSE,FALSE,TRUE,TRUE,3,TRUE,semi-furnished
10394938,4592,3,2,4,TRUE,TRUE,TRUE,TRUE,FALSE,2,FALSE,furnished
8152255,12540,5,2,4,FALSE,TRUE,TRUE,TRUE,FALSE,3,FALSE,furnished
8870451,6121,5,2,2,TRUE,TRUE,FALSE,TRUE,FALSE,0,FALSE,unfurnished
13730256,14186,3,3,1,TRUE,FALSE,TRUE,FALSE,FALSE,0,FALSE,furnished
13790814,8974,3,2,3,TRUE,TRUE,TRUE,TRUE,TRUE,1,FALSE,ERROR
9211499,15769,5,3,2,TRUE,TRUE,FALSE,FALSE,TRUE,0,FALSE,semi-furnished
13213229,9880,5,3,2,FALSE,TRUE,TRUE,TRUE,TRUE,2,FALSE,unfurnished
12386666,11474,,2,3,TRUE,TRUE,FALSE,TRUE,TRUE,3,TRUE,unfurnished
13023911,7132,4,3,2,FALSE,TRUE,FALSE,FALSE,FALSE,0,TRUE,furnished
11625039,13560,5,2,4,TRUE,FALSE,FALSE,FALSE,TRUE,1,TRUE,furnished
9290033,16124,5,4,3,FALSE,TRUE,FALSE,TRUE,FALSE,2,FALSE,unfurnished
11598344,4354,5,2,1,TRUE,TRUE,FALSE,TRUE,TRUE,1,TRUE,semi-furnished
9378227,14358,4,4,4,TRUE,FALSE,FALSE,FALSE,FALSE,3,FALSE,furnished
9974265,15702,3,4,2,TRUE,TRUE,FALSE,FALSE,TRUE,3,FALSE,furnished
10134456,14687,3,3,3,FALSE,TRUE,FALSE,TRUE,TRUE,1,FALSE,unfurnished
11873711,4562,3,2,1,TRUE,TRUE,TRUE,FALSE,FALSE,1,FALSE,unfurnished
9933401,15034,5,4,1,FALSE,TRUE,,TRUE,TRUE,2,TRUE,semi-furnished
11222988,4526,3,4,1,FALSE,FALSE,TRUE,FALSE,FALSE,0,TRUE,furnished
13262266,8246,5,,2,TRUE,TRUE,TRUE,TRUE,FALSE,1,TRUE,furnished
12008211,13564,4,1,4,FALSE,TRUE,FALSE,TRUE,FALSE,1,FALSE,unfurnished
10360326,12416,3,4,3,TRUE,TRUE,FALSE,TRUE,TRUE,3,TRUE,semi-furnished
12767588,8385,3,1,2,FALSE,FALSE,,FALSE,TRUE,1,TRUE,semi-furnished
9828870,,5,1,1,TRUE,TRUE,FALSE,FALSE,TRUE,2,TRUE,unfurnished
13834521,13196,5,2,1,TRUE,FALSE,TRUE,FALSE,TRUE,0,TRUE,semi-furnished
13946928,5192,4,4,1,TRUE,TRUE,FALSE,FALSE,TRUE,3,FALSE,semi-furnished
13368067,8815,4,2,4,TRUE,FALSE,FALSE,FALSE,TRUE,2,FALSE,semi-furnished
10618591,9307,5,1,4,TRUE,FALSE,FALSE,TRUE,TRUE,2,TRUE,unfurnished
8028815,4216,3,2,4,FALSE,FALSE,FALSE,TRUE,TRUE,1,FALSE,semi-furnished
13676426,11013,3,4,2,TRUE,TRUE,TRUE,FALSE,FALSE,1,FALSE,unfurnished
8839575,7222,5,4,1,FALSE,TRUE,TRUE,FALSE,TRUE,0,TRUE,semi-furnished
8855750,4213,5,2,1,TRUE,FALSE,TRUE,FALSE,TRUE,2,FALSE,semi-furnished
,13585,4,1,4,TRUE,FALSE,FALSE,FALSE,FALSE,3,FALSE,furnished
12318833,9718,3,4,3,FALSE,FALSE,TRUE,FALSE,FALSE,3,TRUE,unfurnished
10296924,10169,3,2,3,FALSE,FALSE,FALSE,FALSE,FALSE,0,FALSE,furnished
8295081,5097,5,4,4,FALSE,TRUE,FALSE,TRUE,TRUE,1,TRUE,semi-furnished
8847116,4135,3,1,1,TRUE,TRUE,FALSE,FALSE,TRUE,2,FALSE,furnished
13170646,3673,4,4,4,FALSE,TRUE,FALSE,FALSE,TRUE,0,FALSE,furnished
9735296,7409,4,4,3,FALSE,TRUE,,FALSE,TRUE,3,FALSE,furnished
13896823,12754,3,1,2,FALSE,FALSE,TRUE,FALSE,FALSE,1,FALSE,furnished
9113504,13184,5,2,2,TRUE,TRUE,FALSE,FALSE,FALSE,0,FALSE,furnished
8569366,12583,5,4,4,FALSE,TRUE,FALSE,TRUE,FALSE,3,FALSE,furnished
10564592,14311,5,1,3,FALSE,TRUE,TRUE,TRUE,TRUE,0,TRUE,furnished
12260144,9165,4,1,2,FALSE,FALSE,,FALSE,FALSE,1,TRUE,unfurnished
10025334,11984,3,3,1,TRUE,TRUE,TRUE,TRUE,TRUE,3,TRUE,semi-furnished
11308284,8897,4,3,3,TRUE,TRUE,TRUE,TRUE,FALSE,0,TRUE,semi-furnished
12108792,14269,5,1,3,FALSE,FALSE,FALSE,TRUE,TRUE,2,FALSE,furnished
11008618,5001,5,2,1,FALSE,TRUE,FALSE,FALSE,TRUE,3,TRUE,furnished
13414299,13232,4,2,4,TRUE,TRUE,TRUE,FALSE,FALSE,1,TRUE,unfurnished
10073101,6504,4,2,3,FALSE,FALSE,TRUE,FALSE,FALSE,2,TRUE,unfurnished
13705904,15642,5,4,,TRUE,TRUE,TRUE,TRUE,FALSE,1,FALSE,unfurnished
8163244,6222,5,2,,FALSE,FALSE,FALSE,FALSE,FALSE,0,TRUE,semi-furnished
8387302,5503,5,3,4,FALSE,TRUE,,TRUE,FALSE,1,FALSE,semi-furnished
9481629,14947,4,2,3,FALSE,FALSE,FALSE,TRUE,FALSE,1,TRUE,furnished
13167844,14547,4,2,1,TRUE,FALSE,FALSE,FALSE,FALSE,0,TRUE,furnished
9249324,6765,3,1,,TRUE,FALSE,TRUE,FALSE,TRUE,3,FALSE,semi-furnished
11542397,12625,3,2,2,FALSE,FALSE,TRUE,FALSE,FALSE,1,FALSE,unfurnished
13992168,8794,5,3,1,TRUE,TRUE,FALSE,TRUE,FALSE,0,TRUE,semi-furnished
11580511,9977,4,1,3,FALSE,TRUE,FALSE,TRUE,TRUE,0,TRUE,semi-furnished
10970068,12934,3,2,1,TRUE,TRUE,TRUE,TRUE,FALSE,3,FALSE,unfurnished
12920176,6722,3,3,1,FALSE,FALSE,TRUE,FALSE,TRUE,1,FALSE,furnished
11710884,5388,3,1,2,TRUE,FALSE,FALSE,FALSE,TRUE,3,TRUE,furnished
9566847,11941,3,2,2,TRUE,FALSE,TRUE,FALSE,FALSE,0,FALSE,furnished
13729013,14116,3,4,2,TRUE,TRUE,FALSE,TRUE,FALSE,1,FALSE,semi-furnished
10007101,15400,5,3,1,FALSE,FALSE,TRUE,TRUE,FALSE,3,FALSE,unfurnished
,9754,3,1,2,TRUE,TRUE,FALSE,FALSE,TRUE,3,TRUE,unfurnished
8077753,9016,3,3,3,FALSE,TRUE,TRUE,TRUE,TRUE,0,FALSE,unfurnished
10072239,15582,4,3,4,TRUE,FALSE,FALSE,FALSE,FALSE,0,FALSE,unfurnished
8995485,13838,5,4,1,TRUE,FALSE,FALSE,TRUE,TRUE,1,TRUE,furnished
12990568,4662,5,3,4,FALSE,TRUE,FALSE,FALSE,TRUE,1,TRUE,unfurnished
8399842,8078,3,3,2,TRUE,FALSE,TRUE,TRUE,TRUE,0,TRUE,unfurnished
9828678,6320,4,3,4,FALSE,TRUE,TRUE,FALSE,FALSE,2,FALSE,furnished
12027551,7170,4,4,3,FALSE,TRUE,FALSE,FALSE,TRUE,1,TRUE,semi-furnished
12034356,9263,3,4,4,FALSE,FALSE,TRUE,FALSE,TRUE,2,FALSE,semi-furnished
12633658,,4,3,4,FALSE,FALSE,TRUE,TRUE,FALSE,3,FALSE,furnished
10984415,5979,3,1,3,TRUE,FALSE,FALSE,TRUE,TRUE,3,TRUE,furnished
9637927,5858,3,2,3,TRUE,TRUE,FALSE,FALSE,FALSE,3,TRUE,semi-furnished
8635241,8289,4,1,3,TRUE,TRUE,TRUE,FALSE,FALSE,1,TRUE,furnished
,10708,5,3,1,FALSE,TRUE,FALSE,FALSE,FALSE,3,FALSE,unfurnished
8572600,12442,3,2,1,TRUE,FALSE,TRUE,TRUE,FALSE,1,TRUE,furnished
9812120,12750,4,3,1,FALSE,TRUE,FALSE,FALSE,TRUE,3,FALSE,semi-furnished
10653261,15821,3,3,2,FALSE,FALSE,TRUE,TRUE,TRUE,0,FALSE,furnished
12745752,10699,3,2,1,FALSE,FALSE,FALSE,TRUE,FALSE,0,TRUE,unfurnished
8737886,16028,4,1,1,FALSE,TRUE,TRUE,FALSE,TRUE,0,FALSE,furnished
8596822,5368,3,4,2,TRUE,TRUE,FALSE,TRUE,FALSE,1,TRUE,semi-furnished
9329646,5948,5,1,3,TRUE,FALSE,FALSE,TRUE,FALSE,0,FALSE,semi-furnished
9115893,4354,5,3,1,TRUE,TRUE,,TRUE,TRUE,2,FALSE,semi-furnished
9009924,9733,4,1,4,TRUE,TRUE,TRUE,TRUE,FALSE,2,TRUE,unfurnished
12391692,11265,4,4,1,TRUE,TRUE,FALSE,FALSE,FALSE,0,TRUE,furnished
8893344,13697,4,2,4,FALSE,FALSE,TRUE,TRUE,FALSE,3,TRUE,furnished
11544239,,4,4,3,FALSE,FALSE,TRUE,FALSE,FALSE,2,FALSE,furnished
11918265,15660,5,2,1,TRUE,FALSE,FALSE,FALSE,FALSE,0,TRUE,unfurnished
13174946,14059,4,2,1,TRUE,TRUE,TRUE,FALSE,FALSE,2,TRUE,furnished
10941057,3935,3,3,1,TRUE,TRUE,TRUE,FALSE,TRUE,2,TRUE,furnished
11962752,13752,3,2,4,FALSE,TRUE,TRUE,FALSE,TRUE,2,FALSE,unfurnished
9026178,15944,4,2,1,TRUE,TRUE,FALSE,FALSE,FALSE,1,FALSE,furnished
13378737,6154,3,3,1,TRUE,TRUE,TRUE,FALSE,TRUE,3,TRUE,semi-furnished
9549725,14347,3,2,1,FALSE,TRUE,TRUE,FALSE,TRUE,2,FALSE,furnished
9801421,11070,5,3,2,FALSE,TRUE,TRUE,FALSE,FALSE,3,TRUE,semi-furnished
8412147,4720,3,3,2,FALSE,FALSE,FALSE,TRUE,FALSE,2,FALSE,semi-furnished
10228943,14495,3,1,1,FALSE,TRUE,FALSE,FALSE,FALSE,1,TRUE,semi-furnished
8596376,10539,5,1,2,FALSE,TRUE,FALSE,TRUE,TRUE,2,TRUE,furnished
9412508,12126,5,2,1,FALSE,FALSE,,FALSE,FALSE,3,FALSE,unfurnished
13651870,5073,5,4,2,FALSE,TRUE,TRUE,FALSE,FALSE,3,TRUE,semi-furnished
12186139,9334,4,1,2,TRUE,TRUE,FALSE,FALSE,FALSE,2,FALSE,furnished
9052486,10733,5,1,1,TRUE,TRUE,TRUE,FALSE,FALSE,2,FALSE,unfurnished
12354661,6597,5,2,4,TRUE,TRUE,FALSE,FALSE,FALSE,3,FALSE,unfurnished
13763922,15929,5,1,3,FALSE,TRUE,FALSE,TRUE,FALSE,0,FALSE,semi-furnished
13251591,7629,5,4,3,TRUE,TRUE,FALSE,TRUE,TRUE,3,TRUE,semi-furnished
10710885,11198,4,2,2,FALSE,TRUE,FALSE,TRUE,FALSE,1,TRUE,furnished
13631119,9221,3,4,,TRUE,FALSE,TRUE,FALSE,TRUE,0,FALSE,semi-furnished
10092160,13247,4,4,4,FALSE,TRUE,FALSE,TRUE,FALSE,3,TRUE,unfurnished
10644182,15788,4,2,2,FALSE,TRUE,FALSE,FALSE,FALSE,0,TRUE,unfurnished
10826263,6538,3,2,1,TRUE,FALSE,FALSE,TRUE,TRUE,3,FALSE,furnished
9902238,6052,4,4,4,FALSE,FALSE,TRUE,FALSE,TRUE,2,TRUE,semi-furnished
12294614,4510,3,3,4,TRUE,TRUE,TRUE,TRUE,FALSE,1,TRUE,furnished
11798885,5478,5,3,1,FALSE,FALSE,TRUE,TRUE,TRUE,3,FALSE,unfurnished
12375015,10548,3,2,1,TRUE,FALSE,FALSE,TRUE,FALSE,0,TRUE,semi-furnished
13894456,10787,5,1,4,TRUE,FALSE,TRUE,TRUE,FALSE,2,FALSE,furnished
13176994,11976,,2,1,FALSE,FALSE,TRUE,FALSE,TRUE,1,TRUE,unfurnished
11223773,9633,4,2,3,FALSE,FALSE,FALSE,TRUE,TRUE,0,TRUE,furnished
9143123,4699,5,3,3,TRUE,FALSE,TRUE,TRUE,FALSE,2,TRUE,semi-furnished
11155915,13349,4,3,4,TRUE,FALSE,FALSE,FALSE,TRUE,3,FALSE,unfurnished
13225638,10481,5,1,1,TRUE,FALSE,TRUE,TRUE,FALSE,1,FALSE,unfurnished
13962405,4817,5,3,3,TRUE,FALSE,FALSE,TRUE,FALSE,3,TRUE,furnished
8809850,6464,5,4,3,TRUE,FALSE,TRUE,FALSE,TRUE,2,TRUE,semi-furnished
10197039,6022,5,1,2,TRUE,TRUE,TRUE,TRUE,TRUE,3,FALSE,furnished
10785495,9922,3,2,1,TRUE,TRUE,FALSE,TRUE,TRUE,2,TRUE,unfurnished
13516277,10923,4,4,1,FALSE,FALSE,TRUE,FALSE,FALSE,2,TRUE,unfurnished
10919478,9474,4,1,2,FALSE,FALSE,FALSE,FALSE,FALSE,3,TRUE,furnished
12246046,15260,4,4,1,TRUE,FALSE,TRUE,TRUE,FALSE,2,FALSE,semi-furnished
8452009,9600,5,2,4,FALSE,TRUE,TRUE,FALSE,FALSE,1,FALSE,unfurnished
13667837,5807,5,2,4,FALSE,FALSE,TRUE,TRUE,TRUE,0,TRUE,unfurnished
13281349,5926,4,1,3,FALSE,FALSE,TRUE,FALSE,TRUE,3,TRUE,furnished
8651393,5845,3,4,2,FALSE,FALSE,FALSE,TRUE,TRUE,0,TRUE,unfurnished
12090153,10348,5,1,1,FALSE,TRUE,TRUE,TRUE,FALSE,3,FALSE,semi-furnished
8259233,12622,5,4,4,FALSE,TRUE,FALSE,FALSE,FALSE,0,FALSE,semi-furnished
10447747,5073,3,4,3,TRUE,TRUE,TRUE,TRUE,FALSE,1,TRUE,unfurnished
11334065,9029,4,4,2,FALSE,TRUE,,FALSE,FALSE,2,FALSE,furnished
12246620,5787,5,3,1,FALSE,TRUE,,FALSE,TRUE,2,TRUE,unfurnished
13788856,4232,5,1,1,TRUE,TRUE,TRUE,FALSE,FALSE,1,TRUE,furnished
13498104,5645,4,2,2,TRUE,FALSE,FALSE,FALSE,TRUE,3,TRUE,semi-furnished
13526572,15493,5,4,1,TRUE,FALSE,FALSE,FALSE,FALSE,0,FALSE,unfurnished
10799580,14076,4,2,2,TRUE,FALSE,FALSE,TRUE,TRUE,3,TRUE,unfurnished
10218562,14476,4,3,2,TRUE,TRUE,TRUE,TRUE,FALSE,2,FALSE,semi-furnished
13051521,7390,3,4,3,TRUE,TRUE,FALSE,TRUE,FALSE,2,FALSE,semi-furnished
11419593,11583,3,4,1,TRUE,FALSE,FALSE,TRUE,FALSE,1,TRUE,semi-furnished
12540832,8891,4,3,2,TRUE,FALSE,TRUE,TRUE,FALSE,0,FALSE,semi-furnished
10427474,9506,5,3,1,TRUE,TRUE,FALSE,TRUE,FALSE,0,FALSE,semi-furnished
10634365,9176,3,2,1,TRUE,TRUE,FALSE,TRUE,TRUE,1,FALSE,furnished
9129068,13022,3,3,4,FALSE,FALSE,TRUE,TRUE,FALSE,2,FALSE,semi-furnished
11261097,14870,4,4,1,FALSE,FALSE,TRUE,FALSE,TRUE,0,TRUE,semi-furnished
8423359,7432,4,3,4,TRUE,TRUE,TRUE,TRUE,FALSE,0,TRUE,unfurnished
13332927,5946,5,1,2,TRUE,TRUE,TRUE,TRUE,FALSE,3,TRUE,unfurnished
9649568,10154,5,2,2,FALSE,TRUE,FALSE,FALSE,FALSE,3,FALSE,semi-furnished
9667094,5477,5,4,3,TRUE,FALSE,FALSE,FALSE,TRUE,0,FALSE,furnished
10350702,4048,5,1,2,FALSE,TRUE,TRUE,TRUE,TRUE,1,FALSE,semi-furnished
11009035,10073,4,4,3,TRUE,TRUE,FALSE,TRUE,FALSE,0,TRUE,semi-furnished
8709142,11357,4,1,3,TRUE,FALSE,TRUE,TRUE,FALSE,1,FALSE,unfurnished
10781066,4539,3,3,2,FALSE,TRUE,TRUE,TRUE,TRUE,3,FALSE,semi-furnished
9914689,7695,4,1,1,TRUE,FALSE,TRUE,FALSE,FALSE,2,FALSE,semi-furnished
13085527,11482,4,1,4,FALSE,FALSE,FALSE,TRUE,FALSE,1,FALSE,unfurnished
11517086,9031,5,3,4,FALSE,TRUE,FALSE,FALSE,FALSE,1,TRUE,unfurnished
11659077,10611,5,4,1,FALSE,FALSE,FALSE,TRUE,FALSE,2,FALSE,semi-furnished
10973446,9507,3,3,1,FALSE,FALSE,FALSE,FALSE,TRUE,2,FALSE,furnished
13120918,9981,3,3,2,TRUE,TRUE,FALSE,FALSE,FALSE,1,TRUE,semi-furnished
9959042,4666,5,1,,TRUE,TRUE,FALSE,TRUE,FALSE,2,FALSE,semi-furnished
8314392,7585,4,1,2,TRUE,FALSE,FALSE,TRUE,FALSE,3,TRUE,semi-furnished
8597026,6651,5,1,1,FALSE,FALSE,FALSE,FALSE,TRUE,3,TRUE,semi-furnished
8547592,3798,5,2,3,TRUE,FALSE,FALSE,FALSE,FALSE,3,FALSE,furnished
10313909,10933,5,3,4,FALSE,TRUE,TRUE,FALSE,TRUE,1,FALSE,furnished
13323665,8956,3,1,2,FALSE,TRUE,TRUE,TRUE,TRUE,0,TRUE,furnished
13724302,12970,3,3,4,FALSE,TRUE,FALSE,TRUE,FALSE,2,FALSE,furnished
9870137,13483,4,2,3,TRUE,FALSE,TRUE,FALSE,FALSE,2,TRUE,furnished
12170485,14817,3,3,1,TRUE,FALSE,FALSE,TRUE,FALSE,1,TRUE,unfurnished
13635133,12319,3,4,2,FALSE,FALSE,TRUE,FALSE,FALSE,0,FALSE,furnished
9836831,11520,4,4,4,FALSE,TRUE,TRUE,TRUE,TRUE,2,FALSE,semi-furnished
11807475,13222,5,1,3,FALSE,TRUE,TRUE,TRUE,FALSE,3,FALSE,semi-furnished
11623626,11828,3,3,1,FALSE,TRUE,TRUE,TRUE,TRUE,1,TRUE,furnished
12463403,4129,3,1,2,TRUE,FALSE,TRUE,FALSE,TRUE,3,TRUE,unfurnished
8537696,11651,4,4,1,TRUE,FALSE,FALSE,FALSE,TRUE,0,TRUE,furnished
12417101,5372,3,1,1,TRUE,TRUE,FALSE,FALSE,TRUE,1,TRUE,furnished
12035964,15268,4,4,1,FALSE,TRUE,FALSE,TRUE,FALSE,0,TRUE,furnished
8447472,12368,5,3,2,TRUE,TRUE,FALSE,TRUE,TRUE,0,FALSE,semi-furnished
10034109,14097,4,2,4,FALSE,FALSE,FALSE,FALSE,TRUE,2,TRUE,furnished
11160877,14852,4,2,2,FALSE,FALSE,TRUE,FALSE,FALSE,3,TRUE,unfurnished
9347271,15359,5,3,1,TRUE,TRUE,FALSE,TRUE,TRUE,2,TRUE,unfurnished
12172956,13878,3,4,3,TRUE,FALSE,TRUE,FALSE,FALSE,1,FALSE,semi-furnished
8942944,13271,4,1,4,TRUE,FALSE,TRUE,TRUE,TRUE,3,TRUE,furnished
9360575,4882,5,3,2,TRUE,TRUE,FALSE,TRUE,TRUE,3,FALSE,furnished
12649213,7513,5,3,4,TRUE,TRUE,FALSE,TRUE,FALSE,1,FALSE,semi-furnished
10392415,3835,4,1,1,FALSE,FALSE,FALSE,FALSE,TRUE,0,FALSE,furnished
10623823,14786,3,2,3,TRUE,TRUE,TRUE,TRUE,FALSE,0,TRUE,unfurnished
12311995,13216,5,,3,FALSE,FALSE,TRUE,TRUE,FALSE,1,FALSE,unfurnished
10213199,,4,2,2,FALSE,TRUE,TRUE,TRUE,FALSE,3,FALSE,semi-furnished
10691626,15105,4,2,3,FALSE,TRUE,FALSE,TRUE,FALSE,3,FALSE,furnished
13495726,6045,3,3,2,TRUE,FALSE,,TRUE,FALSE,3,TRUE,unfurnished
10193340,,4,1,2,FALSE,TRUE,FALSE,TRUE,TRUE,3,FALSE,semi-furnished
8407116,7555,4,4,4,TRUE,FALSE,TRUE,FALSE,FALSE,2,TRUE,furnished
9727779,6647,4,1,3,TRUE,TRUE,TRUE,FALSE,TRUE,2,TRUE,unfurnished
10933214,12787,4,3,1,TRUE,TRUE,TRUE,TRUE,TRUE,1,FALSE,unfurnished
8906651,8544,4,4,2,FALSE,FALSE,FALSE,FALSE,FALSE,3,FALSE,semi-furnished
12349456,13239,3,4,3,FALSE,TRUE,FALSE,FALSE,TRUE,2,TRUE,semi-furnished
10345359,7307,,1,1,TRUE,FALSE,FALSE,TRUE,FALSE,3,TRUE,semi-furnished
10167559,10776,4,1,2,TRUE,TRUE,TRUE,TRUE,FALSE,2,TRUE,semi-furnished
13289832,13220,5,2,2,FALSE,TRUE,FALSE,FALSE,TRUE,0,TRUE,unfurnished
8376537,15498,5,,1,TRUE,TRUE,,TRUE,TRUE,0,TRUE,furnished
9821993,6705,5,4,3,TRUE,TRUE,FALSE,TRUE,FALSE,1,FALSE,furnished
9800104,7229,4,4,1,FALSE,TRUE,TRUE,TRUE,TRUE,2,TRUE,semi-furnished
11317179,6582,3,3,3,FALSE,FALSE,TRUE,TRUE,FALSE,1,FALSE,semi-furnished
11228686,10204,3,2,2,TRUE,TRUE,FALSE,FALSE,TRUE,2,TRUE,unfurnished
11556812,6330,4,4,1,FALSE,FALSE,TRUE,TRUE,FALSE,0,FALSE,furnished
13169937,13047,4,1,4,TRUE,TRUE,FALSE,TRUE,TRUE,2,TRUE,semi-furnished
9912618,7668,5,3,3,TRUE,FALSE,TRUE,TRUE,TRUE,3,TRUE,unfurnished
10098043,14925,4,4,3,FALSE,FALSE,FALSE,TRUE,TRUE,0,TRUE,semi-furnished
10765916,12591,3,4,2,FALSE,FALSE,,FALSE,FALSE,1,FALSE,semi-furnished
10295145,12577,4,1,2,FALSE,FALSE,FALSE,TRUE,FALSE,1,TRUE,furnished
10447717,9152,4,2,2,TRUE,FALSE,,TRUE,FALSE,0,TRUE,semi-furnished
11344573,9349,3,1,2,TRUE,TRUE,TRUE,TRUE,FALSE,2,TRUE,furnished
10355229,12101,3,4,1,FALSE,TRUE,TRUE,FALSE,FALSE,0,TRUE,furnished
12419835,5894,4,4,3,FALSE,FALSE,FALSE,FALSE,TRUE,1,FALSE,semi-furnished
11516745,3535,5,1,1,TRUE,FALSE,TRUE,FALSE,FALSE,2,FALSE,unfurnished
10038712,16030,5,2,1,TRUE,FALSE,TRUE,TRUE,TRUE,0,FALSE,unfurnished
10033350,14376,4,3,4,FALSE,FALSE,FALSE,FALSE,TRUE,2,TRUE,semi-furnished
8704627,11152,5,3,4,FALSE,TRUE,TRUE,TRUE,TRUE,2,TRUE,semi-furnished
12391457,5542,3,3,2,TRUE,FALSE,TRUE,TRUE,FALSE,3,FALSE,furnished
11759640,6473,5,4,3,FALSE,FALSE,TRUE,FALSE,FALSE,2,FALSE,furnished
9294587,10426,4,1,2,TRUE,TRUE,FALSE,TRUE,TRUE,0,FALSE,unfurnished
9359723,14078,3,4,4,FALSE,TRUE,FALSE,FALSE,FALSE,3,FALSE,semi-furnished
13812178,14712,3,1,4,FALSE,TRUE,FALSE,FALSE,TRUE,0,FALSE,unfurnished
12576401,9535,5,1,1,TRUE,TRUE,TRUE,FALSE,FALSE,1,FALSE,semi-furnished
12005898,4015,5,3,3,TRUE,FALSE,TRUE,TRUE,FALSE,1,TRUE,furnished
12881082,4505,5,1,4,TRUE,FALSE,TRUE,FALSE,TRUE,1,FALSE,semi-furnished
13967621,11108,5,4,4,TRUE,TRUE,FALSE,TRUE,FALSE,0,FALSE,unfurnished
10202300,8815,5,1,1,TRUE,TRUE,,TRUE,FALSE,3,TRUE,semi-furnished
8829210,13973,5,3,2,FALSE,TRUE,FALSE,FALSE,TRUE,1,TRUE,semi-furnished
8376450,10491,5,2,2,FALSE,TRUE,FALSE,FALSE,TRUE,2,FALSE,semi-furnished
9868221,4557,5,3,4,TRUE,TRUE,TRUE,TRUE,FALSE,1,TRUE,semi-furnished
11141118,4415,4,4,3,TRUE,FALSE,TRUE,TRUE,TRUE,3,FALSE,furnished
10671974,6447,3,4,4,FALSE,TRUE,FALSE,FALSE,FALSE,1,TRUE,furnished
13339011,12175,5,4,1,FALSE,FALSE,TRUE,FALSE,TRUE,1,FALSE,furnished
10406681,7593,3,4,4,TRUE,FALSE,FALSE,FALSE,TRUE,2,TRUE,semi-furnished
13963666,9795,3,1,3,TRUE,FALSE,TRUE,TRUE,TRUE,2,FALSE,semi-furnished
11166171,12353,4,3,1,TRUE,TRUE,FALSE,FALSE,TRUE,3,FALSE,semi-furnished
8698056,16196,4,4,1,TRUE,FALSE,TRUE,TRUE,FALSE,2,FALSE,unfurnished
10084219,11633,5,,,FALSE,FALSE,FALSE,FALSE,FALSE,2,FALSE,unfurnished
,12279,5,2,4,FALSE,TRUE,TRUE,TRUE,FALSE,0,FALSE,semi-furnished
10223772,9988,5,3,4,TRUE,TRUE,FALSE,FALSE,TRUE,0,FALSE,semi-furnished
11086173,9359,4,3,1,TRUE,TRUE,TRUE,TRUE,FALSE,0,TRUE,unfurnished
13016409,8101,3,3,1,FALSE,FALSE,TRUE,FALSE,TRUE,0,TRUE,semi-furnished
8582646,7423,4,2,3,FALSE,FALSE,,TRUE,FALSE,2,FALSE,semi-furnished
10878098,6943,4,4,3,FALSE,FALSE,TRUE,TRUE,FALSE,3,TRUE,semi-furnished
9312146,14135,4,4,3,TRUE,TRUE,TRUE,FALSE,FALSE,1,TRUE,unfurnished
12806383,13306,3,1,3,TRUE,TRUE,TRUE,TRUE,TRUE,0,FALSE,semi-furnished
13654412,8017,4,4,1,TRUE,FALSE,TRUE,FALSE,TRUE,2,FALSE,unfurnished
13803004,15120,3,3,2,FALSE,FALSE,FALSE,FALSE,FALSE,2,FALSE,furnished
10513775,11960,4,2,4,TRUE,TRUE,TRUE,FALSE,TRUE,0,FALSE,furnished
12368517,10919,3,1,4,FALSE,FALSE,FALSE,FALSE,FALSE,0,FALSE,unfurnished
10896982,9911,3,3,2,FALSE,FALSE,FALSE,FALSE,TRUE,0,FALSE,semi-furnished
13423724,15122,3,,1,TRUE,TRUE,FALSE,FALSE,FALSE,2,FALSE,furnished
10092223,,5,4,2,TRUE,TRUE,TRUE,FALSE,FALSE,3,FALSE,unfurnished
8921366,11281,5,3,3,FALSE,FALSE,TRUE,FALSE,TRUE,3,TRUE,semi-furnished
8940786,9375,5,3,1,FALSE,TRUE,,TRUE,TRUE,1,TRUE,semi-furnished
12451350,9621,4,2,2,TRUE,TRUE,TRUE,FALSE,FALSE,0,FALSE,furnished
12603367,11183,3,1,3,TRUE,FALSE,,FALSE,TRUE,1,FALSE,unfurnished
8530729,10480,5,2,2,FALSE,TRUE,FALSE,TRUE,TRUE,1,TRUE,unfurnished
8897521,10245,3,1,2,TRUE,FALSE,FALSE,FALSE,FALSE,0,FALSE,unfurnished
9694002,14295,5,1,4,FALSE,TRUE,TRUE,FALSE,FALSE,2,TRUE,semi-furnished
9303411,3772,3,1,2,FALSE,TRUE,FALSE,FALSE,TRUE,1,TRUE,semi-furnished
13341721,6713,5,1,3,FALSE,TRUE,FALSE,FALSE,TRUE,1,FALSE,unfurnished
10301129,11091,3,2,1,TRUE,TRUE,FALSE,FALSE,FALSE,3,FALSE,unfurnished
12773009,10853,3,3,1,TRUE,TRUE,FALSE,FALSE,TRUE,2,FALSE,furnished
9239092,11488,5,4,3,TRUE,TRUE,TRUE,FALSE,TRUE,0,FALSE,semi-furnished
10405301,5516,3,2,4,TRUE,TRUE,TRUE,FALSE,TRUE,0,FALSE,furnished
9415710,7065,4,2,2,TRUE,TRUE,FALSE,FALSE,TRUE,2,FALSE,furnished
11689677,9277,3,1,2,FALSE,TRUE,FALSE,FALSE,FALSE,3,FALSE,semi-furnished
10250858,15987,5,4,,TRUE,FALSE,FALSE,FALSE,FALSE,0,TRUE,semi-furnished
8101295,12193,5,4,3,TRUE,TRUE,FALSE,FALSE,TRUE,2,TRUE,semi-furnished
13307554,12856,4,2,4,TRUE,TRUE,FALSE,TRUE,FALSE,2,FALSE,furnished
10800475,9669,4,3,2,TRUE,FALSE,FALSE,FALSE,TRUE,2,TRUE,unfurnished
12633890,9120,4,4,3,FALSE,TRUE,FALSE,FALSE,FALSE,0,TRUE,unfurnished
8739036,14288,3,1,2,FALSE,FALSE,TRUE,FALSE,FALSE,1,FALSE,unfurnished
11079599,7630,3,2,4,FALSE,FALSE,TRUE,FALSE,TRUE,1,FALSE,semi-furnished
9145866,14770,5,1,1,FALSE,TRUE,FALSE,FALSE,FALSE,2,TRUE,unfurnished
10698402,16116,3,2,2,TRUE,TRUE,TRUE,TRUE,FALSE,3,TRUE,semi-furnished
10412129,7586,4,1,1,FALSE,FALSE,TRUE,FALSE,FALSE,0,FALSE,furnished
12003630,3607,3,3,2,FALSE,FALSE,TRUE,TRUE,FALSE,2,TRUE,semi-furnished
12773606,11071,3,1,2,FALSE,TRUE,TRUE,FALSE,TRUE,3,FALSE,semi-furnished
12211564,4795,4,2,3,TRUE,TRUE,TRUE,TRUE,TRUE,2,TRUE,unfurnished
9770153,8840,3,2,2,FALSE,TRUE,TRUE,TRUE,TRUE,3,TRUE,furnished
8992584,11252,5,2,2,TRUE,TRUE,FALSE,FALSE,FALSE,2,FALSE,unfurnished
13646980,7172,5,4,3,TRUE,TRUE,FALSE,TRUE,FALSE,0,TRUE,semi-furnished
11066481,7781,3,3,1,FALSE,FALSE,FALSE,TRUE,FALSE,0,TRUE,semi-furnished
11181062,12057,3,4,3,TRUE,FALSE,TRUE,FALSE,FALSE,0,TRUE,furnished
9902658,10864,5,3,1,FALSE,FALSE,FALSE,FALSE,FALSE,1,TRUE,furnished
10509422,15219,4,3,3,FALSE,FALSE,FALSE,FALSE,FALSE,3,TRUE,semi-furnished
12006470,6279,3,3,2,TRUE,FALSE,TRUE,FALSE,TRUE,2,TRUE,semi-furnished
10944596,5310,3,2,4,TRUE,TRUE,FALSE,TRUE,FALSE,3,TRUE,furnished
13339796,11381,5,3,3,FALSE,FALSE,TRUE,TRUE,FALSE,1,TRUE,unfurnished
12946868,13570,4,1,1,TRUE,FALSE,FALSE,TRUE,FALSE,0,FALSE,furnished
11805569,13112,4,3,3,FALSE,TRUE,FALSE,FALSE,FALSE,1,TRUE,furnished
13438373,9919,3,2,2,TRUE,FALSE,TRUE,FALSE,TRUE,2,TRUE,semi-furnished
13064162,14166,3,3,3,TRUE,TRUE,TRUE,FALSE,TRUE,1,TRUE,furnished
11261281,13339,3,1,4,TRUE,TRUE,TRUE,TRUE,FALSE,2,FALSE,unfurnished
8661850,4639,5,2,1,TRUE,TRUE,TRUE,FALSE,FALSE,1,FALSE,furnished
13969199,7681,5,4,3,TRUE,TRUE,FALSE,TRUE,FALSE,2,TRUE,unfurnished
13601144,15675,5,2,3,TRUE,TRUE,FALSE,FALSE,TRUE,2,TRUE,unfurnished
8062158,6046,5,1,1,TRUE,FALSE,FALSE,FALSE,FALSE,0,FALSE,unfurnished
12771927,12941,3,3,2,TRUE,FALSE,FALSE,FALSE,TRUE,2,FALSE,unfurnished
13900138,5719,4,4,4,FALSE,TRUE,FALSE,FALSE,TRUE,0,TRUE,semi-furnished
13056048,9616,3,3,4,TRUE,TRUE,TRUE,TRUE,TRUE,2,TRUE,furnished
10500396,11825,5,3,1,TRUE,TRUE,FALSE,FALSE,TRUE,0,TRUE,unfurnished
9230485,4841,4,4,2,FALSE,TRUE,TRUE,FALSE,TRUE,0,FALSE,unfurnished
10730652,12554,3,1,4,TRUE,TRUE,FALSE,TRUE,TRUE,2,FALSE,furnished
12458794,10352,5,4,4,TRUE,TRUE,TRUE,FALSE,TRUE,0,TRUE,unfurnished
12975795,4174,3,1,2,TRUE,FALSE,FALSE,FALSE,TRUE,3,FALSE,unfurnished
11658333,8947,5,3,2,TRUE,TRUE,FALSE,TRUE,TRUE,2,FALSE,furnished
10172500,9446,3,2,3,FALSE,FALSE,TRUE,TRUE,FALSE,2,TRUE,unfurnished
13932743,7720,4,2,2,TRUE,FALSE,TRUE,FALSE,FALSE,3,FALSE,furnished
12369310,3596,5,1,4,TRUE,TRUE,TRUE,TRUE,FALSE,0,FALSE,unfurnished
13983142,10416,4,4,2,FALSE,TRUE,FALSE,FALSE,TRUE,0,FALSE,unfurnished
8921830,11453,5,3,2,TRUE,TRUE,TRUE,FALSE,TRUE,1,TRUE,semi-furnished
13242267,4123,5,1,,FALSE,FALSE,TRUE,FALSE,TRUE,2,FALSE,semi-furnished
10576333,9512,5,3,4,FALSE,FALSE,FALSE,TRUE,TRUE,1,FALSE,semi-furnished
8350077,8525,5,3,1,FALSE,TRUE,,FALSE,FALSE,3,TRUE,furnished
9921666,10918,5,2,1,FALSE,FALSE,TRUE,TRUE,FALSE,0,TRUE,semi-furnished
12692375,6964,3,1,1,TRUE,FALSE,FALSE,TRUE,TRUE,0,FALSE,semi-furnished
11927374,11199,3,1,2,TRUE,FALSE,FALSE,TRUE,FALSE,1,TRUE,semi-furnished
11326101,4673,5,4,4,TRUE,TRUE,TRUE,FALSE,FALSE,1,TRUE,furnished
8391171,8894,5,2,1,TRUE,FALSE,FALSE,FALSE,TRUE,3,TRUE,unfurnished
10508150,3720,4,2,2,TRUE,FALSE,TRUE,FALSE,FALSE,1,TRUE,furnished
13868423,5993,5,2,2,FALSE,TRUE,FALSE,FALSE,FALSE,2,TRUE,semi-furnished
10714409,15831,3,1,1,TRUE,TRUE,TRUE,FALSE,FALSE,0,FALSE,semi-furnished
10973986,7612,5,4,4,FALSE,TRUE,FALSE,FALSE,FALSE,0,FALSE,semi-furnished
9227873,16072,4,2,3,FALSE,TRUE,TRUE,TRUE,FALSE,0,TRUE,semi-furnished
9882189,16016,,2,4,TRUE,TRUE,TRUE,TRUE,TRUE,1,TRUE,furnished
11345185,14422,3,3,4,FALSE,FALSE,TRUE,FALSE,TRUE,2,TRUE,furnished
10669566,3620,4,3,1,FALSE,FALSE,FALSE,FALSE,TRUE,2,TRUE,semi-furnished
11444123,3795,3,1,1,TRUE,TRUE,TRUE,FALSE,FALSE,0,FALSE,furnished
11261083,15424,4,4,2,TRUE,TRUE,FALSE,FALSE,TRUE,2,FALSE,semi-furnished
9307193,11902,3,4,3,TRUE,FALSE,TRUE,TRUE,FALSE,0,FALSE,semi-furnished
8097219,13292,4,3,4,TRUE,FALSE,TRUE,FALSE,TRUE,0,TRUE,semi-furnished
13983550,8987,3,1,3,FALSE,TRUE,TRUE,FALSE,FALSE,2,TRUE,furnished
9344963,15905,3,2,1,FALSE,FALSE,FALSE,FALSE,FALSE,1,FALSE,furnished
12881214,11341,3,3,2,TRUE,FALSE,FALSE,TRUE,FALSE,3,TRUE,furnished
12571547,8358,4,3,3,TRUE,TRUE,,TRUE,TRUE,2,FALSE,furnished
9302149,13321,5,2,1,FALSE,TRUE,FALSE,FALSE,TRUE,3,TRUE,unfurnished
11798494,10418,3,1,1,FALSE,FALSE,TRUE,FALSE,FALSE,3,TRUE,unfurnished
10925845,15817,5,2,4,TRUE,TRUE,FALSE,FALSE,TRUE,1,FALSE,semi-furnished
8635408,3810,3,2,3,FALSE,FALSE,FALSE,FALSE,FALSE,1,FALSE,unfurnished
10176144,15017,4,3,2,TRUE,TRUE,TRUE,FALSE,FALSE,0,FALSE,unfurnished
11558342,9371,5,1,4,TRUE,FALSE,FALSE,FALSE,TRUE,0,FALSE,unfurnished
13951106,8858,5,1,1,TRUE,FALSE,TRUE,TRUE,TRUE,2,TRUE,unfurnished
12054438,7925,5,,2,FALSE,FALSE,FALSE,TRUE,FALSE,2,FALSE,unfurnished
8667195,7779,5,3,2,FALSE,FALSE,FALSE,TRUE,TRUE,1,TRUE,furnished
9361041,6714,3,4,1,TRUE,TRUE,FALSE,TRUE,FALSE,3,FALSE,furnished
9015461,5229,4,4,2,TRUE,FALSE,FALSE,FALSE,TRUE,0,FALSE,unfurnished
13983997,7622,4,3,3,TRUE,TRUE,TRUE,FALSE,TRUE,3,TRUE,unfurnished
10572069,9999,4,3,2,TRUE,TRUE,FALSE,FALSE,TRUE,3,TRUE,unfurnished
8827572,15071,5,2,4,TRUE,FALSE,FALSE,FALSE,TRUE,0,TRUE,semi-furnished
12950122,3564,5,4,1,FALSE,FALSE,TRUE,FALSE,FALSE,3,TRUE,semi-furnished
9051233,7578,5,4,1,TRUE,TRUE,TRUE,FALSE,FALSE,1,TRUE,semi-furnished
10617977,3606,3,1,3,TRUE,TRUE,TRUE,TRUE,FALSE,0,TRUE,semi-furnished
13238945,10654,3,4,2,TRUE,FALSE,TRUE,TRUE,FALSE,1,TRUE,semi-furnished
12342254,3865,4,2,2,FALSE,TRUE,TRUE,FALSE,FALSE,3,TRUE,semi-furnished
12600347,15677,4,3,4,FALSE,TRUE,TRUE,TRUE,FALSE,3,FALSE,unfurnished
8898668,3905,3,4,3,TRUE,FALSE,,TRUE,TRUE,3,TRUE,furnished
8104128,12683,3,4,2,TRUE,TRUE,TRUE,FALSE,TRUE,2,FALSE,semi-furnished
9703649,4745,3,4,3,FALSE,FALSE,TRUE,FALSE,TRUE,0,FALSE,unfurnished
10883282,13451,5,1,3,FALSE,FALSE,FALSE,TRUE,FALSE,1,TRUE,semi-furnished
10010886,13571,3,3,2,TRUE,FALSE,TRUE,TRUE,FALSE,1,FALSE,furnished
11481390,15055,4,4,3,TRUE,TRUE,FALSE,FALSE,FALSE,3,TRUE,furnished
13356664,4241,5,2,4,TRUE,TRUE,TRUE,TRUE,TRUE,2,FALSE,furnished
12217917,15646,4,1,2,FALSE,TRUE,TRUE,FALSE,FALSE,2,TRUE,furnished
12299500,9146,4,2,1,FALSE,TRUE,TRUE,FALSE,FALSE,0,FALSE,unfurnished
9229269,12391,5,1,3,TRUE,TRUE,FALSE,TRUE,TRUE,1,FALSE,furnished
10154784,14761,4,2,2,FALSE,FALSE,TRUE,FALSE,FALSE,2,FALSE,furnished
10709431,8020,5,4,2,FALSE,FALSE,FALSE,FALSE,FALSE,0,TRUE,furnished
13340458,15755,5,3,2,FALSE,TRUE,FALSE,FALSE,TRUE,0,TRUE,unfurnished
11417084,15924,3,1,1,TRUE,FALSE,TRUE,FALSE,FALSE,0,TRUE,semi-furnished
10950163,7685,5,1,2,TRUE,FALSE,FALSE,TRUE,FALSE,3,FALSE,semi-furnished
12747621,7239,3,,1,TRUE,FALSE,TRUE,TRUE,TRUE,3,TRUE,unfurnished
9364421,15396,5,3,3,FALSE,TRUE,FALSE,TRUE,TRUE,3,FALSE,semi-furnished
11415568,3795,4,2,3,FALSE,FALSE,TRUE,TRUE,TRUE,3,TRUE,unfurnished
9989877,7404,3,1,4,TRUE,TRUE,TRUE,FALSE,FALSE,3,FALSE,furnished
13104440,11953,3,1,3,FALSE,FALSE,FALSE,TRUE,TRUE,1,FALSE,furnished
12001396,12265,4,4,2,FALSE,TRUE,FALSE,TRUE,FALSE,0,FALSE,semi-furnished
8130852,11980,4,3,4,TRUE,TRUE,FALSE,FALSE,FALSE,0,TRUE,semi-furnished
9779016,11392,,3,3,TRUE,FALSE,FALSE,TRUE,TRUE,0,TRUE,unfurnished
12767893,13441,4,4,2,FALSE,TRUE,FALSE,TRUE,TRUE,0,TRUE,unfurnished
11070692,4469,4,4,4,FALSE,FALSE,TRUE,TRUE,FALSE,2,FALSE,semi-furnished
12071702,15698,4,4,1,FALSE,FALSE,FALSE,FALSE,FALSE,2,TRUE,furnished
10280722,9405,4,3,4,TRUE,FALSE,FALSE,FALSE,TRUE,0,TRUE,furnished
9911955,11274,3,4,1,FALSE,FALSE,FALSE,FALSE,TRUE,3,TRUE,semi-furnished
8764960,8891,3,2,,FALSE,TRUE,,FALSE,TRUE,3,FALSE,unfurnished
11481919,7342,3,4,3,TRUE,TRUE,TRUE,FALSE,TRUE,0,TRUE,semi-furnished
10331470,6000,3,4,3,TRUE,FALSE,FALSE,TRUE,TRUE,1,FALSE,unfurnished
13608328,7468,4,4,4,FALSE,FALSE,FALSE,TRUE,FALSE,1,TRUE,furnished
13240841,6751,5,3,2,TRUE,FALSE,,TRUE,TRUE,2,FALSE,furnished
9092334,13507,3,1,2,FALSE,TRUE,FALSE,FALSE,FALSE,1,TRUE,semi-furnished
12056544,5697,4,1,4,TRUE,FALSE,FALSE,TRUE,FALSE,0,TRUE,semi-furnished
12708488,8429,3,1,1,TRUE,TRUE,TRUE,FALSE,FALSE,2,TRUE,furnished
11386550,4133,4,3,1,TRUE,TRUE,FALSE,TRUE,FALSE,2,TRUE,unfurnished
12262780,5462,3,2,2,FALSE,FALSE,FALSE,FALSE,TRUE,3,FALSE,furnished
8687477,15987,5,4,3,FALSE,TRUE,FALSE,TRUE,TRUE,0,FALSE,semi-furnished
12412696,15788,3,2,4,TRUE,FALSE,TRUE,TRUE,FALSE,0,TRUE,semi-furnished
13766452,10336,5,2,3,TRUE,FALSE,TRUE,FALSE,TRUE,3,FALSE,semi-furnished
8036407,5554,,2,2,FALSE,FALSE,TRUE,FALSE,FALSE,2,FALSE,semi-furnished
9259594,11187,3,3,1,FALSE,TRUE,FALSE,FALSE,TRUE,0,FALSE,semi-furnished
8396283,9323,4,3,4,FALSE,FALSE,FALSE,TRUE,FALSE,1,FALSE,unfurnished
13341761,6883,3,3,2,FALSE,TRUE,FALSE,FALSE,FALSE,0,TRUE,semi-furnished
12438600,10942,5,1,1,TRUE,TRUE,TRUE,TRUE,TRUE,3,FALSE,furnished
8164261,,4,1,1,FALSE,TRUE,FALSE,FALSE,FALSE,1,FALSE,furnished
9323012,15956,4,4,2,FALSE,TRUE,TRUE,FALSE,TRUE,3,TRUE,unfurnished
8624149,4688,4,4,1,FALSE,FALSE,FALSE,TRUE,FALSE,0,TRUE,unfurnished
11886599,11881,3,3,2,TRUE,TRUE,TRUE,FALSE,TRUE,2,FALSE,semi-furnished
10719006,8897,3,1,1,TRUE,TRUE,TRUE,FALSE,FALSE,0,TRUE,furnished
10818418,6254,5,1,2,FALSE,FALSE,TRUE,TRUE,TRUE,1,TRUE,furnished
11787684,7151,5,3,3,TRUE,FALSE,FALSE,FALSE,TRUE,0,TRUE,furnished
13949498,8227,5,1,1,TRUE,FALSE,TRUE,FALSE,FALSE,3,TRUE,furnished
8637212,10493,4,1,1,TRUE,TRUE,TRUE,TRUE,FALSE,1,TRUE,unfurnished
11434626,8473,3,3,3,FALSE,FALSE,TRUE,TRUE,FALSE,3,FALSE,furnished
10389971,15680,3,4,1,FALSE,FALSE,TRUE,TRUE,FALSE,3,TRUE,furnished
9591979,5834,5,3,,TRUE,TRUE,TRUE,TRUE,TRUE,3,TRUE,unfurnished
12782053,14378,4,2,2,TRUE,FALSE,TRUE,FALSE,FALSE,2,TRUE,unfurnished
10287710,6847,3,3,4,TRUE,TRUE,TRUE,TRUE,FALSE,0,FALSE,semi-furnished
13864455,11056,3,1,3,TRUE,TRUE,FALSE,TRUE,FALSE,1,FALSE,unfurnished
10211952,12420,4,1,1,TRUE,FALSE,TRUE,FALSE,TRUE,0,FALSE,furnished
11528137,4241,4,3,4,TRUE,FALSE,FALSE,FALSE,TRUE,2,TRUE,unfurnished
12485577,7322,5,3,2,TRUE,TRUE,TRUE,FALSE,TRUE,1,FALSE,semi-furnished
12242481,11530,4,2,2,FALSE,FALSE,FALSE,TRUE,FALSE,0,TRUE,furnished
9860372,8748,4,3,3,FALSE,FALSE,FALSE,FALSE,FALSE,2,TRUE,unfurnished
8312147,9874,3,4,2,TRUE,FALSE,FALSE,TRUE,FALSE,0,FALSE,semi-furnished
11460248,12310,5,2,4,TRUE,TRUE,TRUE,FALSE,FALSE,3,FALSE,semi-furnished
12554731,6891,3,1,4,TRUE,TRUE,FALSE,TRUE,TRUE,1,FALSE,furnished
10033871,6284,3,3,2,TRUE,TRUE,TRUE,TRUE,FALSE,3,FALSE,semi-furnished
11494372,7692,5,3,1,TRUE,FALSE,TRUE,FALSE,FALSE,3,TRUE,furnished
9524001,3667,4,4,3,TRUE,FALSE,FALSE,TRUE,FALSE,3,TRUE,furnished
12109779,10082,5,2,3,TRUE,TRUE,TRUE,FALSE,FALSE,3,FALSE,furnished
10735013,11730,3,1,1,TRUE,FALSE,FALSE,FALSE,TRUE,1,FALSE,unfurnished
8752154,9145,5,3,1,TRUE,TRUE,FALSE,TRUE,FALSE,2,TRUE,semi-furnished
9609230,5911,3,,1,FALSE,TRUE,FALSE,TRUE,TRUE,0,FALSE,furnished
10071046,8175,3,,4,FALSE,FALSE,FALSE,TRUE,TRUE,2,FALSE,furnished
11350410,9040,5,2,4,FALSE,FALSE,FALSE,FALSE,FALSE,0,TRUE,semi-furnished
12917618,4598,3,2,4,FALSE,FALSE,FALSE,FALSE,FALSE,0,FALSE,semi-furnished
13027807,4623,4,3,3,TRUE,TRUE,FALSE,FALSE,FALSE,0,FALSE,furnished
11425568,9477,4,2,4,TRUE,FALSE,,TRUE,TRUE,0,FALSE,unfurnished
13563113,12255,4,2,2,FALSE,TRUE,TRUE,TRUE,FALSE,3,TRUE,unfurnished
11031354,13898,5,1,4,FALSE,FALSE,FALSE,FALSE,TRUE,1,FALSE,furnished
13966095,12565,4,1,2,TRUE,TRUE,TRUE,TRUE,TRUE,1,TRUE,furnished
12296626,6858,3,3,1,FALSE,FALSE,FALSE,TRUE,FALSE,1,TRUE,unfurnished
8089249,5029,4,2,4,TRUE,FALSE,TRUE,TRUE,TRUE,2,FALSE,semi-furnished
9893705,9411,5,4,3,TRUE,FALSE,TRUE,TRUE,TRUE,3,TRUE,furnished
8695909,13853,4,3,4,TRUE,FALSE,FALSE,TRUE,FALSE,3,FALSE,furnished
11707741,10895,5,1,4,TRUE,FALSE,FALSE,TRUE,FALSE,1,FALSE,furnished
11909281,15693,4,,4,FALSE,FALSE,TRUE,FALSE,TRUE,1,FALSE,furnished
8511348,7841,3,1,1,FALSE,FALSE,FALSE,TRUE,FALSE,1,FALSE,unfurnished
13825220,12284,4,1,3,FALSE,FALSE,TRUE,FALSE,FALSE,2,TRUE,semi-furnished
12950755,5282,3,4,2,FALSE,TRUE,,FALSE,TRUE,2,TRUE,semi-furnished
11354013,4839,5,4,1,TRUE,TRUE,TRUE,FALSE,TRUE,3,TRUE,furnished
11513877,14346,4,1,2,FALSE,TRUE,FALSE,FALSE,FALSE,2,FALSE,unfurnished
11394347,4164,4,1,4,FALSE,TRUE,TRUE,TRUE,FALSE,2,TRUE,furnished
8477410,11779,5,2,4,FALSE,TRUE,TRUE,TRUE,TRUE,0,TRUE,unfurnished
12327893,6685,,1,1,TRUE,TRUE,TRUE,TRUE,TRUE,1,TRUE,semi-furnished
10807409,5040,3,1,1,TRUE,FALSE,FALSE,TRUE,TRUE,2,FALSE,unfurnished
13814919,13503,4,4,3,TRUE,TRUE,TRUE,FALSE,TRUE,1,TRUE,furnished
9638579,6833,3,1,3,FALSE,TRUE,TRUE,TRUE,TRUE,1,FALSE,furnished
8054835,3725,3,2,4,FALSE,FALSE,TRUE,TRUE,TRUE,1,TRUE,unfurnished
10643511,8088,3,4,3,TRUE,TRUE,TRUE,FALSE,TRUE,0,TRUE,furnished
8438949,9306,3,2,3,FALSE,FALSE,FALSE,TRUE,FALSE,3,FALSE,unfurnished
10328650,11863,5,4,3,TRUE,TRUE,TRUE,FALSE,TRUE,2,TRUE,semi-furnished
12011931,13830,4,2,1,FALSE,TRUE,FALSE,FALSE,FALSE,3,TRUE,semi-furnished
13531133,9357,3,1,1,FALSE,FALSE,FALSE,FALSE,TRUE,2,TRUE,semi-furnished
9215747,6104,3,,4,FALSE,FALSE,FALSE,TRUE,TRUE,1,TRUE,unfurnished
13520767,15551,5,3,4,FALSE,TRUE,TRUE,TRUE,TRUE,0,TRUE,unfurnished
13839311,11301,5,2,4,TRUE,TRUE,,TRUE,TRUE,2,FALSE,furnished
10916775,5086,4,3,3,TRUE,FALSE,FALSE,FALSE,FALSE,1,FALSE,semi-furnished
13174197,13692,5,4,1,TRUE,FALSE,TRUE,TRUE,TRUE,0,TRUE,unfurnished
8295253,15442,3,1,1,FALSE,FALSE,FALSE,FALSE,TRUE,2,FALSE,unfurnished
12468102,15123,3,2,1,TRUE,TRUE,TRUE,TRUE,TRUE,0,FALSE,furnished
12296592,14083,3,3,1,TRUE,FALSE,TRUE,TRUE,TRUE,0,TRUE,semi-furnished
8650980,10225,3,3,1,FALSE,FALSE,TRUE,FALSE,FALSE,0,TRUE,unfurnished
13814675,10490,3,4,3,FALSE,TRUE,FALSE,TRUE,FALSE,1,TRUE,furnished
12803415,13234,5,2,,TRUE,TRUE,TRUE,FALSE,FALSE,0,FALSE,semi-furnished
8675771,11521,5,2,1,TRUE,TRUE,TRUE,TRUE,FALSE,3,FALSE,unfurnished
8226574,9072,4,2,3,TRUE,FALSE,FALSE,TRUE,TRUE,0,TRUE,semi-furnished
10842945,12322,5,4,2,FALSE,FALSE,FALSE,TRUE,TRUE,2,FALSE,furnished
11465089,6127,3,4,3,FALSE,FALSE,FALSE,TRUE,FALSE,1,TRUE,furnished
12049350,13570,3,3,3,FALSE,TRUE,FALSE,FALSE,FALSE,1,TRUE,furnished
12882909,14462,5,2,1,TRUE,TRUE,TRUE,TRUE,TRUE,0,TRUE,unfurnished
11623377,7656,3,3,3,FALSE,TRUE,TRUE,FALSE,FALSE,1,FALSE,semi-furnished
11009142,10087,4,2,1,FALSE,TRUE,TRUE,TRUE,FALSE,0,TRUE,furnished
13217197,9720,3,4,3,FALSE,FALSE,TRUE,TRUE,TRUE,2,TRUE,unfurnished
9530327,5794,3,3,4,TRUE,TRUE,TRUE,FALSE,FALSE,2,FALSE,furnished
12131606,13777,3,2,2,FALSE,TRUE,FALSE,TRUE,TRUE,2,TRUE,semi-furnished
11726347,13390,4,2,1,FALSE,FALSE,FALSE,FALSE,FALSE,2,TRUE,furnished
12957725,11603,3,1,4,TRUE,TRUE,FALSE,TRUE,TRUE,2,FALSE,semi-furnished
8506890,14893,4,4,2,TRUE,FALSE,,FALSE,TRUE,0,FALSE,semi-furnished
9787201,15548,5,1,2,TRUE,TRUE,TRUE,TRUE,FALSE,2,TRUE,furnished
8311035,4945,4,2,2,TRUE,TRUE,TRUE,FALSE,TRUE,2,TRUE,unfurnished
13934831,15795,4,2,2,TRUE,FALSE,FALSE,FALSE,FALSE,0,FALSE,semi-furnished
10725213,4226,5,1,4,TRUE,FALSE,FALSE,FALSE,TRUE,2,FALSE,furnished
10839951,6632,5,1,3,TRUE,FALSE,FALSE,TRUE,TRUE,2,TRUE,furnished
11745181,10859,4,4,1,TRUE,FALSE,TRUE,FALSE,TRUE,0,FALSE,furnished
9781849,8325,3,2,2,FALSE,TRUE,TRUE,FALSE,TRUE,1,FALSE,unfurnished
10254592,14171,3,3,2,FALSE,TRUE,FALSE,TRUE,FALSE,3,TRUE,furnished
10473017,16055,5,2,3,TRUE,FALSE,TRUE,FALSE,TRUE,0,TRUE,unfurnished
13005787,6617,3,4,2,TRUE,TRUE,TRUE,FALSE,TRUE,0,FALSE,furnished
8030637,12043,5,2,2,FALSE,TRUE,FALSE,TRUE,TRUE,3,FALSE,semi-furnished
9697259,15393,5,3,3,FALSE,TRUE,TRUE,FALSE,FALSE,0,FALSE,unfurnished
13311216,5815,5,1,4,FALSE,FALSE,FALSE,FALSE,FALSE,2,FALSE,furnished
9175641,8681,4,1,2,FALSE,FALSE,FALSE,FALSE,TRUE,2,FALSE,semi-furnished
12005338,9904,4,1,2,TRUE,FALSE,,TRUE,TRUE,2,FALSE,furnished
8586055,14806,,3,4,TRUE,TRUE,FALSE,FALSE,TRUE,1,FALSE,unfurnished
10700613,10931,3,2,3,FALSE,FALSE,FALSE,TRUE,TRUE,0,TRUE,unfurnished
10230687,5221,4,1,4,FALSE,FALSE,FALSE,FALSE,TRUE,2,TRUE,semi-furnished
11207566,11509,5,1,2,TRUE,FALSE,TRUE,TRUE,TRUE,1,TRUE,unfurnished
9535404,6527,3,4,2,FALSE,TRUE,FALSE,TRUE,TRUE,0,TRUE,unfurnished
8663613,9380,4,1,4,TRUE,TRUE,TRUE,TRUE,FALSE,2,TRUE,semi-furnished
8363704,5548,5,4,3,TRUE,TRUE,TRUE,FALSE,FALSE,2,TRUE,unfurnished
12024932,11970,3,3,2,TRUE,TRUE,FALSE,FALSE,FALSE,3,FALSE,furnished
9988489,12404,5,4,2,TRUE,TRUE,TRUE,TRUE,FALSE,0,FALSE,furnished
9586237,15486,4,2,2,FALSE,FALSE,TRUE,TRUE,TRUE,3,FALSE,semi-furnished
9954012,8550,5,1,2,TRUE,TRUE,FALSE,FALSE,FALSE,2,FALSE,semi-furnished
11546255,8070,4,1,4,TRUE,FALSE,FALSE,FALSE,TRUE,1,TRUE,furnished
13078762,8710,5,4,2,FALSE,TRUE,TRUE,FALSE,TRUE,2,TRUE,furnished
11172799,11624,5,3,2,TRUE,FALSE,FALSE,TRUE,FALSE,1,FALSE,furnished
11753137,12670,5,3,4,FALSE,TRUE,TRUE,TRUE,TRUE,2,TRUE,semi-furnished
12745280,14856,5,1,2,TRUE,TRUE,TRUE,FALSE,TRUE,1,FALSE,unfurnished
12537810,5696,5,1,2,TRUE,FALSE,TRUE,FALSE,FALSE,3,FALSE,unfurnished
10333269,9637,3,2,4,FALSE,FALSE,FALSE,FALSE,FALSE,3,FALSE,semi-furnished
12812110,7384,4,4,2,TRUE,FALSE,FALSE,FALSE,TRUE,1,FALSE,semi-furnished
13576275,11860,3,1,4,TRUE,TRUE,TRUE,FALSE,FALSE,0,FALSE,unfurnished
9637209,11019,5,1,2,FALSE,TRUE,FALSE,TRUE,FALSE,0,TRUE,furnished
13701495,16185,3,2,2,FALSE,TRUE,TRUE,TRUE,FALSE,0,FALSE,furnished
10594906,9930,3,1,1,TRUE,FALSE,FALSE,TRUE,TRUE,3,FALSE,semi-furnished
10353666,11213,4,2,1,FALSE,TRUE,TRUE,TRUE,TRUE,0,TRUE,unfurnished
9806694,12966,4,3,4,TRUE,TRUE,FALSE,FALSE,FALSE,2,TRUE,semi-furnished
10201476,12903,5,2,2,TRUE,FALSE,FALSE,FALSE,TRUE,3,TRUE,unfurnished
12332083,6882,4,4,3,TRUE,TRUE,TRUE,FALSE,FALSE,3,FALSE,furnished
12105382,13712,3,1,2,FALSE,TRUE,FALSE,FALSE,TRUE,1,FALSE,unfurnished
9994840,15809,3,4,4,ERROR,ERROR,ERROR,ERROR,FALSE,2,FALSE,semi-furnished
8271272,8842,5,2,1,FALSE,TRUE,FALSE,TRUE,TRUE,0,FALSE,unfurnished
10423767,15017,5,1,3,FALSE,TRUE,FALSE,FALSE,TRUE,0,FALSE,unfurnished
,11239,5,4,3,TRUE,FALSE,TRUE,TRUE,FALSE,0,FALSE,unfurnished
10202044,12213,5,1,4,FALSE,FALSE,TRUE,TRUE,FALSE,3,TRUE,unfurnished
12922328,6909,5,1,1,TRUE,FALSE,FALSE,TRUE,FALSE,2,TRUE,unfurnished
8000714,14414,5,2,4,FALSE,FALSE,FALSE,TRUE,TRUE,2,TRUE,furnished
10782656,7850,4,4,4,FALSE,FALSE,TRUE,FALSE,FALSE,2,FALSE,semi-furnished
13538754,5881,4,2,4,TRUE,TRUE,FALSE,FALSE,FALSE,2,TRUE,furnished
12108398,6986,3,1,2,TRUE,FALSE,TRUE,TRUE,FALSE,0,FALSE,unfurnished
12075398,14506,5,3,2,TRUE,TRUE,TRUE,FALSE,TRUE,1,FALSE,semi-furnished
12956391,8477,4,1,4,FALSE,TRUE,TRUE,FALSE,TRUE,1,FALSE,furnished
8955419,15133,4,1,4,TRUE,FALSE,FALSE,FALSE,TRUE,1,TRUE,semi-furnished
13008312,9323,4,1,4,TRUE,FALSE,TRUE,FALSE,TRUE,1,FALSE,furnished
11570228,4124,4,2,3,TRUE,FALSE,FALSE,TRUE,TRUE,0,TRUE,furnished